datetime;dst;src;src_vendor;randomized;rssi;idx;seq_num;ch_freq;FCfield;ssid;dot11elt;oui;occupancy
2023-04-17 00:01:53.104135;ff:ff:ff:ff:ff:ff;dc:a6:32:eb:59:4d;Raspberry Pi Trading Ltd;0;-82;0;1801;2417;;;[0, 1, 50, 3, 45, 127, 221, 221];[20722, 4120];0.0
2023-04-17 00:01:53.124713;ff:ff:ff:ff:ff:ff;dc:a6:32:eb:59:4d;Raspberry Pi Trading Ltd;0;-83;1;1802;2417;;;[0, 1, 50, 3, 45, 127, 221, 221];[20722, 4120];0.0
2023-04-17 00:01:53.170426;ff:ff:ff:ff:ff:ff;dc:a6:32:eb:59:4d;Raspberry Pi Trading Ltd;0;-83;2;1804;2422;;;[0, 1, 50, 3, 45, 127, 221, 221];[20722, 4120];0.0
2023-04-17 00:01:53.208301;ff:ff:ff:ff:ff:ff;dc:a6:32:eb:59:4d;Raspberry Pi Trading Ltd;0;-85;3;1806;2427;;;[0, 1, 50, 3, 45, 127, 221, 221];[20722, 4120];0.0
2023-04-17 00:01:53.250472;ff:ff:ff:ff:ff:ff;dc:a6:32:eb:59:4d;Raspberry Pi Trading Ltd;0;-86;4;1808;2432;;;[0, 1, 50, 3, 45, 127, 221, 221];[20722, 4120];0.0
2023-04-17 00:03:54.110557;ff:ff:ff:ff:ff:ff;dc:a6:32:eb:59:4d;Raspberry Pi Trading Ltd;0;-82;5;1844;2417;;;[0, 1, 50, 3, 45, 127, 221, 221];[20722, 4120];0.0
2023-04-17 00:05:55.117164;ff:ff:ff:ff:ff:ff;dc:a6:32:eb:59:4d;Raspberry Pi Trading Ltd;0;-83;6;1886;2417;;;[0, 1, 50, 3, 45, 127, 221, 221];[20722, 4120];0.0
2023-04-17 00:05:55.137753;ff:ff:ff:ff:ff:ff;dc:a6:32:eb:59:4d;Raspberry Pi Trading Ltd;0;-82;7;1887;2417;;;[0, 1, 50, 3, 45, 127, 221, 221];[20722, 4120];0.0
2023-04-17 00:05:55.161122;ff:ff:ff:ff:ff:ff;dc:a6:32:eb:59:4d;Raspberry Pi Trading Ltd;0;-82;8;1888;2422;;;[0, 1, 50, 3, 45, 127, 221, 221];[20722, 4120];0.0
2023-04-17 00:05:55.181357;ff:ff:ff:ff:ff:ff;dc:a6:32:eb:59:4d;Raspberry Pi Trading Ltd;0;-82;9;1889;2422;;;[0, 1, 50, 3, 45, 127, 221, 221];[20722, 4120];0.0
2023-04-17 00:05:55.203524;ff:ff:ff:ff:ff:ff;dc:a6:32:eb:59:4d;Raspberry Pi Trading Ltd;0;-84;10;1890;2427;;;[0, 1, 50, 3, 45, 127, 221, 221];[20722, 4120];0.0
2023-04-17 00:05:55.223330;ff:ff:ff:ff:ff:ff;dc:a6:32:eb:59:4d;Raspberry Pi Trading Ltd;0;-83;11;1891;2427;;;[0, 1, 50, 3, 45, 127, 221, 221];[20722, 4120];0.0
2023-04-17 00:05:55.268430;ff:ff:ff:ff:ff:ff;dc:a6:32:eb:59:4d;Raspberry Pi Trading Ltd;0;-85;12;1893;2432;;;[0, 1, 50, 3, 45, 127, 221, 221];[20722, 4120];0.0
2023-04-17 00:05:55.307867;ff:ff:ff:ff:ff:ff;dc:a6:32:eb:59:4d;Raspberry Pi Trading Ltd;0;-90;13;1895;2437;;;[0, 1, 50, 3, 45, 127, 221, 221];[20722, 4120];0.0
2023-04-17 00:07:56.114674;ff:ff:ff:ff:ff:ff;dc:a6:32:eb:59:4d;Raspberry Pi Trading Ltd;0;-83;14;1928;2417;;;[0, 1, 50, 3, 45, 127, 221, 221];[20722, 4120];0.0
2023-04-17 00:07:56.154213;ff:ff:ff:ff:ff:ff;dc:a6:32:eb:59:4d;Raspberry Pi Trading Ltd;0;-82;15;1930;2422;;;[0, 1, 50, 3, 45, 127, 221, 221];[20722, 4120];0.0
2023-04-17 00:08:36.816134;ff:ff:ff:ff:ff:ff;7c:8b:ca:ec:a0:18;TP-LINK TECHNOLOGIES CO.,LTD.;0;-86;16;954;2417;;;[0, 1, 50, 45, 70, 127];[];0.0
2023-04-17 00:09:57.445691;ff:ff:ff:ff:ff:ff;dc:a6:32:eb:59:4d;Raspberry Pi Trading Ltd;0;-88;17;1982;2447;;;[0, 1, 50, 3, 45, 127, 221, 221];[20722, 4120];0.0
2023-04-17 00:09:57.488173;ff:ff:ff:ff:ff:ff;dc:a6:32:eb:59:4d;Raspberry Pi Trading Ltd;0;-87;18;1984;2452;;;[0, 1, 50, 3, 45, 127, 221, 221];[20722, 4120];0.0
2023-04-17 00:09:57.530279;ff:ff:ff:ff:ff:ff;dc:a6:32:eb:59:4d;Raspberry Pi Trading Ltd;0;-88;19;1986;2457;;;[0, 1, 50, 3, 45, 127, 221, 221];[20722, 4120];0.0
2023-04-17 00:11:58.160501;ff:ff:ff:ff:ff:ff;dc:a6:32:eb:59:4d;Raspberry Pi Trading Ltd;0;-83;20;2015;2422;;;[0, 1, 50, 3, 45, 127, 221, 221];[20722, 4120];0.0
2023-04-17 00:11:58.202837;ff:ff:ff:ff:ff:ff;dc:a6:32:eb:59:4d;Raspberry Pi Trading Ltd;0;-83;21;2017;2427;;;[0, 1, 50, 3, 45, 127, 221, 221];[20722, 4120];0.0
2023-04-17 00:13:59.118762;ff:ff:ff:ff:ff:ff;dc:a6:32:eb:59:4d;Raspberry Pi Trading Ltd;0;-83;22;2055;2417;;;[0, 1, 50, 3, 45, 127, 221, 221];[20722, 4120];0.0
2023-04-17 00:13:59.138851;ff:ff:ff:ff:ff:ff;dc:a6:32:eb:59:4d;Raspberry Pi Trading Ltd;0;-82;23;2056;2417;;;[0, 1, 50, 3, 45, 127, 221, 221];[20722, 4120];0.0
2023-04-17 00:13:59.160709;ff:ff:ff:ff:ff:ff;dc:a6:32:eb:59:4d;Raspberry Pi Trading Ltd;0;-82;24;2057;2422;;;[0, 1, 50, 3, 45, 127, 221, 221];[20722, 4120];0.0
2023-04-17 00:13:59.181147;ff:ff:ff:ff:ff:ff;dc:a6:32:eb:59:4d;Raspberry Pi Trading Ltd;0;-83;25;2058;2422;;;[0, 1, 50, 3, 45, 127, 221, 221];[20722, 4120];0.0
2023-04-17 00:13:59.202410;ff:ff:ff:ff:ff:ff;dc:a6:32:eb:59:4d;Raspberry Pi Trading Ltd;0;-84;26;2059;2427;;;[0, 1, 50, 3, 45, 127, 221, 221];[20722, 4120];0.0
2023-04-17 00:13:59.264587;ff:ff:ff:ff:ff:ff;dc:a6:32:eb:59:4d;Raspberry Pi Trading Ltd;0;-87;27;2062;2432;;;[0, 1, 50, 3, 45, 127, 221, 221];[20722, 4120];0.0
2023-04-17 00:13:59.306674;ff:ff:ff:ff:ff:ff;dc:a6:32:eb:59:4d;Raspberry Pi Trading Ltd;0;-91;28;2064;2437;;;[0, 1, 50, 3, 45, 127, 221, 221];[20722, 4120];0.0
2023-04-17 00:16:00.194758;ff:ff:ff:ff:ff:ff;dc:a6:32:eb:59:4d;Raspberry Pi Trading Ltd;0;-82;29;2100;2422;;;[0, 1, 50, 3, 45, 127, 221, 221];[20722, 4120];0.0
2023-04-17 00:16:00.236899;ff:ff:ff:ff:ff:ff;dc:a6:32:eb:59:4d;Raspberry Pi Trading Ltd;0;-82;30;2102;2427;;;[0, 1, 50, 3, 45, 127, 221, 221];[20722, 4120];0.0
2023-04-17 00:16:00.278839;ff:ff:ff:ff:ff:ff;dc:a6:32:eb:59:4d;Raspberry Pi Trading Ltd;0;-85;31;2104;2432;;;[0, 1, 50, 3, 45, 127, 221, 221];[20722, 4120];0.0
2023-04-17 00:16:00.320926;ff:ff:ff:ff:ff:ff;dc:a6:32:eb:59:4d;Raspberry Pi Trading Ltd;0;-91;32;2106;2437;;;[0, 1, 50, 3, 45, 127, 221, 221];[20722, 4120];0.0
2023-04-17 00:16:00.341358;ff:ff:ff:ff:ff:ff;dc:a6:32:eb:59:4d;Raspberry Pi Trading Ltd;0;-90;33;2107;2437;;;[0, 1, 50, 3, 45, 127, 221, 221];[20722, 4120];0.0
2023-04-17 00:16:00.363396;ff:ff:ff:ff:ff:ff;dc:a6:32:eb:59:4d;Raspberry Pi Trading Ltd;0;-88;34;2108;2442;;;[0, 1, 50, 3, 45, 127, 221, 221];[20722, 4120];0.0
2023-04-17 00:16:00.384403;ff:ff:ff:ff:ff:ff;dc:a6:32:eb:59:4d;Raspberry Pi Trading Ltd;0;-88;35;2109;2442;;;[0, 1, 50, 3, 45, 127, 221, 221];[20722, 4120];0.0
2023-04-17 00:16:00.406634;ff:ff:ff:ff:ff:ff;dc:a6:32:eb:59:4d;Raspberry Pi Trading Ltd;0;-87;36;2110;2447;;;[0, 1, 50, 3, 45, 127, 221, 221];[20722, 4120];0.0
2023-04-17 00:16:00.426891;ff:ff:ff:ff:ff:ff;dc:a6:32:eb:59:4d;Raspberry Pi Trading Ltd;0;-87;37;2111;2447;;;[0, 1, 50, 3, 45, 127, 221, 221];[20722, 4120];0.0
2023-04-17 00:16:00.468631;ff:ff:ff:ff:ff:ff;dc:a6:32:eb:59:4d;Raspberry Pi Trading Ltd;0;-85;38;2113;2452;;;[0, 1, 50, 3, 45, 127, 221, 221];[20722, 4120];0.0
2023-04-17 00:16:00.510797;ff:ff:ff:ff:ff:ff;dc:a6:32:eb:59:4d;Raspberry Pi Trading Ltd;0;-88;39;2115;2457;;;[0, 1, 50, 3, 45, 127, 221, 221];[20722, 4120];0.0
2023-04-17 00:18:01.108405;ff:ff:ff:ff:ff:ff;dc:a6:32:eb:59:4d;Raspberry Pi Trading Ltd;0;-82;40;2140;2417;;;[0, 1, 50, 3, 45, 127, 221, 221];[20722, 4120];0.0
2023-04-17 00:18:01.129241;ff:ff:ff:ff:ff:ff;dc:a6:32:eb:59:4d;Raspberry Pi Trading Ltd;0;-83;41;2141;2417;;;[0, 1, 50, 3, 45, 127, 221, 221];[20722, 4120];0.0
2023-04-17 00:18:01.151886;ff:ff:ff:ff:ff:ff;dc:a6:32:eb:59:4d;Raspberry Pi Trading Ltd;0;-82;42;2142;2422;;;[0, 1, 50, 3, 45, 127, 221, 221];[20722, 4120];0.0
2023-04-17 00:18:01.171745;ff:ff:ff:ff:ff:ff;dc:a6:32:eb:59:4d;Raspberry Pi Trading Ltd;0;-84;43;2143;2422;;;[0, 1, 50, 3, 45, 127, 221, 221];[20722, 4120];0.0
2023-04-17 00:18:01.214611;ff:ff:ff:ff:ff:ff;dc:a6:32:eb:59:4d;Raspberry Pi Trading Ltd;0;-84;44;2145;2427;;;[0, 1, 50, 3, 45, 127, 221, 221];[20722, 4120];0.0
2023-04-17 00:18:01.256024;ff:ff:ff:ff:ff:ff;dc:a6:32:eb:59:4d;Raspberry Pi Trading Ltd;0;-85;45;2147;2432;;;[0, 1, 50, 3, 45, 127, 221, 221];[20722, 4120];0.0
2023-04-17 00:22:02.546452;ff:ff:ff:ff:ff:ff;dc:a6:32:eb:59:4d;Raspberry Pi Trading Ltd;0;-91;46;2245;2462;;;[0, 1, 50, 3, 45, 127, 221, 221];[20722, 4120];0.0
2023-04-17 00:24:03.519080;ff:ff:ff:ff:ff:ff;dc:a6:32:eb:59:4d;Raspberry Pi Trading Ltd;0;-92;47;2287;2462;;;[0, 1, 50, 3, 45, 127, 221, 221];[20722, 4120];0.0
2023-04-17 00:24:03.536791;ff:ff:ff:ff:ff:ff;dc:a6:32:eb:59:4d;Raspberry Pi Trading Ltd;0;-94;48;2288;2462;;;[0, 1, 50, 3, 45, 127, 221, 221];[20722, 4120];0.0
2023-04-17 00:27:37.330979;ff:ff:ff:ff:ff:ff;7c:8b:ca:ec:a0:18;TP-LINK TECHNOLOGIES CO.,LTD.;0;-89;49;1219;2452;;;[0, 1, 50, 45, 70, 127];[];0.0
2023-04-17 00:27:37.335688;ff:ff:ff:ff:ff:ff;7c:8b:ca:ec:a0:18;TP-LINK TECHNOLOGIES CO.,LTD.;0;-88;50;1223;2452;;;[0, 1, 50, 45, 70, 127];[];0.0
2023-04-17 00:27:37.336635;ff:ff:ff:ff:ff:ff;7c:8b:ca:ec:a0:18;TP-LINK TECHNOLOGIES CO.,LTD.;0;-88;51;1224;2452;;;[0, 1, 50, 45, 70, 127];[];0.0
2023-04-17 00:27:37.348005;ff:ff:ff:ff:ff:ff;7c:8b:ca:ec:a0:18;TP-LINK TECHNOLOGIES CO.,LTD.;0;-88;52;1228;2452;;;[0, 1, 50, 45, 70, 127];[];0.0
2023-04-17 00:27:37.490012;ff:ff:ff:ff:ff:ff;7c:8b:ca:ec:a0:18;TP-LINK TECHNOLOGIES CO.,LTD.;0;-93;53;1237;2462;;;[0, 1, 50, 45, 70, 127];[];0.0
2023-04-17 00:27:37.497093;ff:ff:ff:ff:ff:ff;7c:8b:ca:ec:a0:18;TP-LINK TECHNOLOGIES CO.,LTD.;0;-92;54;1239;2462;;;[0, 1, 50, 45, 70, 127];[];0.0
2023-04-17 00:28:05.526234;ff:ff:ff:ff:ff:ff;dc:a6:32:eb:59:4d;Raspberry Pi Trading Ltd;0;-91;55;2374;2462;;;[0, 1, 50, 3, 45, 127, 221, 221];[20722, 4120];0.0
2023-04-17 00:30:06.508492;ff:ff:ff:ff:ff:ff;dc:a6:32:eb:59:4d;Raspberry Pi Trading Ltd;0;-94;56;2416;2462;;;[0, 1, 50, 3, 45, 127, 221, 221];[20722, 4120];0.0
2023-04-17 00:45:36.916874;ff:ff:ff:ff:ff:ff;7c:8b:ca:ec:a0:18;TP-LINK TECHNOLOGIES CO.,LTD.;0;-86;57;1434;2417;;;[0, 1, 50, 45, 70, 127];[];0.0
2023-04-17 00:46:13.216427;ff:ff:ff:ff:ff:ff;dc:a6:32:eb:59:4d;Raspberry Pi Trading Ltd;0;-82;58;2740;2417;;;[0, 1, 50, 3, 45, 127, 221, 221];[20722, 4120];0.0
2023-04-17 00:46:13.237285;ff:ff:ff:ff:ff:ff;dc:a6:32:eb:59:4d;Raspberry Pi Trading Ltd;0;-83;59;2741;2417;;;[0, 1, 50, 3, 45, 127, 221, 221];[20722, 4120];0.0
2023-04-17 00:46:13.279622;ff:ff:ff:ff:ff:ff;dc:a6:32:eb:59:4d;Raspberry Pi Trading Ltd;0;-82;60;2743;2422;;;[0, 1, 50, 3, 45, 127, 221, 221];[20722, 4120];0.0
2023-04-17 00:46:13.321385;ff:ff:ff:ff:ff:ff;dc:a6:32:eb:59:4d;Raspberry Pi Trading Ltd;0;-83;61;2745;2427;;;[0, 1, 50, 3, 45, 127, 221, 221];[20722, 4120];0.0
2023-04-17 00:46:13.362497;ff:ff:ff:ff:ff:ff;dc:a6:32:eb:59:4d;Raspberry Pi Trading Ltd;0;-85;62;2747;2432;;;[0, 1, 50, 3, 45, 127, 221, 221];[20722, 4120];0.0
2023-04-17 00:52:15.503420;ff:ff:ff:ff:ff:ff;dc:a6:32:eb:59:4d;Raspberry Pi Trading Ltd;0;-86;63;2882;2452;;;[0, 1, 50, 3, 45, 127, 221, 221];[20722, 4120];0.0
2023-04-17 00:52:15.546068;ff:ff:ff:ff:ff:ff;dc:a6:32:eb:59:4d;Raspberry Pi Trading Ltd;0;-86;64;2884;2457;;;[0, 1, 50, 3, 45, 127, 221, 221];[20722, 4120];0.0
2023-04-17 00:52:15.608475;ff:ff:ff:ff:ff:ff;dc:a6:32:eb:59:4d;Raspberry Pi Trading Ltd;0;-93;65;2887;2462;;;[0, 1, 50, 3, 45, 127, 221, 221];[20722, 4120];0.0
2023-04-17 00:54:16.455645;ff:ff:ff:ff:ff:ff;dc:a6:32:eb:59:4d;Raspberry Pi Trading Ltd;0;-86;66;2923;2447;;;[0, 1, 50, 3, 45, 127, 221, 221];[20722, 4120];0.0
2023-04-17 00:54:16.497715;ff:ff:ff:ff:ff:ff;dc:a6:32:eb:59:4d;Raspberry Pi Trading Ltd;0;-87;67;2925;2452;;;[0, 1, 50, 3, 45, 127, 221, 221];[20722, 4120];0.0
2023-04-17 00:54:16.539793;ff:ff:ff:ff:ff:ff;dc:a6:32:eb:59:4d;Raspberry Pi Trading Ltd;0;-89;68;2927;2457;;;[0, 1, 50, 3, 45, 127, 221, 221];[20722, 4120];0.0
2023-04-17 00:58:17.552788;ff:ff:ff:ff:ff:ff;dc:a6:32:eb:59:4d;Raspberry Pi Trading Ltd;0;-93;69;3015;2462;;;[0, 1, 50, 3, 45, 127, 221, 221];[20722, 4120];0.0
2023-04-17 01:08:37.577812;ff:ff:ff:ff:ff:ff;7c:8b:ca:ec:a0:18;TP-LINK TECHNOLOGIES CO.,LTD.;0;-93;70;1783;2462;;;[0, 1, 50, 45, 70, 127];[];0.0
2023-04-17 01:08:37.578736;ff:ff:ff:ff:ff:ff;7c:8b:ca:ec:a0:18;TP-LINK TECHNOLOGIES CO.,LTD.;0;-93;71;1784;2462;;;[0, 1, 50, 45, 70, 127];[];0.0
2023-04-17 01:08:37.593602;ff:ff:ff:ff:ff:ff;7c:8b:ca:ec:a0:18;TP-LINK TECHNOLOGIES CO.,LTD.;0;-92;72;1792;2462;;;[0, 1, 50, 45, 70, 127];[];0.0
2023-04-17 01:10:37.848483;ff:ff:ff:ff:ff:ff;7c:8b:ca:ec:a0:18;TP-LINK TECHNOLOGIES CO.,LTD.;0;-88;73;1820;2442;;;[0, 1, 50, 45, 70, 127];[];0.0
2023-04-17 01:12:23.252831;ff:ff:ff:ff:ff:ff;dc:a6:32:eb:59:4d;Raspberry Pi Trading Ltd;0;-84;74;3297;2422;;;[0, 1, 50, 3, 45, 127, 221, 221];[20722, 4120];0.0
2023-04-17 01:12:23.506058;ff:ff:ff:ff:ff:ff;dc:a6:32:eb:59:4d;Raspberry Pi Trading Ltd;0;-89;75;3309;2447;;;[0, 1, 50, 3, 45, 127, 221, 221];[20722, 4120];0.0
2023-04-17 01:12:23.548272;ff:ff:ff:ff:ff:ff;dc:a6:32:eb:59:4d;Raspberry Pi Trading Ltd;0;-85;76;3311;2452;;;[0, 1, 50, 3, 45, 127, 221, 221];[20722, 4120];0.0
2023-04-17 01:12:23.590357;ff:ff:ff:ff:ff:ff;dc:a6:32:eb:59:4d;Raspberry Pi Trading Ltd;0;-87;77;3313;2457;;;[0, 1, 50, 3, 45, 127, 221, 221];[20722, 4120];0.0
2023-04-17 01:13:33.041070;ff:ff:ff:ff:ff:ff;44:85:00:70:a0:b5;Intel Corporate;0;-95;78;1824;2417;;;[0, 1, 50, 45];[];0.0
2023-04-17 01:14:24.203041;ff:ff:ff:ff:ff:ff;dc:a6:32:eb:59:4d;Raspberry Pi Trading Ltd;0;-83;79;3339;2417;;;[0, 1, 50, 3, 45, 127, 221, 221];[20722, 4120];0.0
2023-04-17 01:14:24.248988;ff:ff:ff:ff:ff:ff;dc:a6:32:eb:59:4d;Raspberry Pi Trading Ltd;0;-82;80;3341;2422;;;[0, 1, 50, 3, 45, 127, 221, 221];[20722, 4120];0.0
2023-04-17 01:14:24.286187;ff:ff:ff:ff:ff:ff;dc:a6:32:eb:59:4d;Raspberry Pi Trading Ltd;0;-83;81;3343;2427;;;[0, 1, 50, 3, 45, 127, 221, 221];[20722, 4120];0.0
2023-04-17 01:14:24.308016;ff:ff:ff:ff:ff:ff;dc:a6:32:eb:59:4d;Raspberry Pi Trading Ltd;0;-84;82;3344;2427;;;[0, 1, 50, 3, 45, 127, 221, 221];[20722, 4120];0.0
2023-04-17 01:14:24.328971;ff:ff:ff:ff:ff:ff;dc:a6:32:eb:59:4d;Raspberry Pi Trading Ltd;0;-85;83;3345;2432;;;[0, 1, 50, 3, 45, 127, 221, 221];[20722, 4120];0.0
2023-04-17 01:14:24.349857;ff:ff:ff:ff:ff:ff;dc:a6:32:eb:59:4d;Raspberry Pi Trading Ltd;0;-85;84;3346;2432;;;[0, 1, 50, 3, 45, 127, 221, 221];[20722, 4120];0.0
2023-04-17 01:14:24.390402;ff:ff:ff:ff:ff:ff;dc:a6:32:eb:59:4d;Raspberry Pi Trading Ltd;0;-91;85;3348;2437;;;[0, 1, 50, 3, 45, 127, 221, 221];[20722, 4120];0.0
2023-04-17 01:14:24.432001;ff:ff:ff:ff:ff:ff;dc:a6:32:eb:59:4d;Raspberry Pi Trading Ltd;0;-90;86;3350;2442;;;[0, 1, 50, 3, 45, 127, 221, 221];[20722, 4120];0.0
2023-04-17 01:14:24.476751;ff:ff:ff:ff:ff:ff;dc:a6:32:eb:59:4d;Raspberry Pi Trading Ltd;0;-87;87;3352;2447;;;[0, 1, 50, 3, 45, 127, 221, 221];[20722, 4120];0.0
2023-04-17 01:14:24.516782;ff:ff:ff:ff:ff:ff;dc:a6:32:eb:59:4d;Raspberry Pi Trading Ltd;0;-88;88;3354;2452;;;[0, 1, 50, 3, 45, 127, 221, 221];[20722, 4120];0.0
2023-04-17 01:16:25.406108;ff:ff:ff:ff:ff:ff;dc:a6:32:eb:59:4d;Raspberry Pi Trading Ltd;0;-92;89;3390;2437;;;[0, 1, 50, 3, 45, 127, 221, 221];[20722, 4120];0.0
2023-04-17 01:16:25.447653;ff:ff:ff:ff:ff:ff;dc:a6:32:eb:59:4d;Raspberry Pi Trading Ltd;0;-88;90;3392;2442;;;[0, 1, 50, 3, 45, 127, 221, 221];[20722, 4120];0.0
2023-04-17 01:16:25.489319;ff:ff:ff:ff:ff:ff;dc:a6:32:eb:59:4d;Raspberry Pi Trading Ltd;0;-88;91;3394;2447;;;[0, 1, 50, 3, 45, 127, 221, 221];[20722, 4120];0.0
2023-04-17 01:16:25.531263;ff:ff:ff:ff:ff:ff;dc:a6:32:eb:59:4d;Raspberry Pi Trading Ltd;0;-85;92;3396;2452;;;[0, 1, 50, 3, 45, 127, 221, 221];[20722, 4120];0.0
2023-04-17 01:16:25.551541;ff:ff:ff:ff:ff:ff;dc:a6:32:eb:59:4d;Raspberry Pi Trading Ltd;0;-83;93;3397;2452;;;[0, 1, 50, 3, 45, 127, 221, 221];[20722, 4120];0.0
2023-04-17 01:16:25.573430;ff:ff:ff:ff:ff:ff;dc:a6:32:eb:59:4d;Raspberry Pi Trading Ltd;0;-87;94;3398;2457;;;[0, 1, 50, 3, 45, 127, 221, 221];[20722, 4120];0.0
2023-04-17 01:16:25.593661;ff:ff:ff:ff:ff:ff;dc:a6:32:eb:59:4d;Raspberry Pi Trading Ltd;0;-88;95;3399;2457;;;[0, 1, 50, 3, 45, 127, 221, 221];[20722, 4120];0.0
2023-04-17 01:18:26.251960;ff:ff:ff:ff:ff:ff;dc:a6:32:eb:59:4d;Raspberry Pi Trading Ltd;0;-82;96;3426;2422;;;[0, 1, 50, 3, 45, 127, 221, 221];[20722, 4120];0.0
2023-04-17 01:18:26.295247;ff:ff:ff:ff:ff:ff;dc:a6:32:eb:59:4d;Raspberry Pi Trading Ltd;0;-83;97;3428;2427;;;[0, 1, 50, 3, 45, 127, 221, 221];[20722, 4120];0.0
2023-04-17 01:18:26.337302;ff:ff:ff:ff:ff:ff;dc:a6:32:eb:59:4d;Raspberry Pi Trading Ltd;0;-86;98;3430;2432;;;[0, 1, 50, 3, 45, 127, 221, 221];[20722, 4120];0.0
2023-04-17 01:18:26.357588;ff:ff:ff:ff:ff:ff;dc:a6:32:eb:59:4d;Raspberry Pi Trading Ltd;0;-87;99;3431;2432;;;[0, 1, 50, 3, 45, 127, 221, 221];[20722, 4120];0.0
2023-04-17 01:18:26.379416;ff:ff:ff:ff:ff:ff;dc:a6:32:eb:59:4d;Raspberry Pi Trading Ltd;0;-93;100;3432;2437;;;[0, 1, 50, 3, 45, 127, 221, 221];[20722, 4120];0.0
2023-04-17 01:18:26.400534;ff:ff:ff:ff:ff:ff;dc:a6:32:eb:59:4d;Raspberry Pi Trading Ltd;0;-88;101;3433;2437;;;[0, 1, 50, 3, 45, 127, 221, 221];[20722, 4120];0.0
2023-04-17 01:18:26.422827;ff:ff:ff:ff:ff:ff;dc:a6:32:eb:59:4d;Raspberry Pi Trading Ltd;0;-88;102;3434;2442;;;[0, 1, 50, 3, 45, 127, 221, 221];[20722, 4120];0.0
2023-04-17 01:18:26.442801;ff:ff:ff:ff:ff:ff;dc:a6:32:eb:59:4d;Raspberry Pi Trading Ltd;0;-83;103;3435;2442;;;[0, 1, 50, 3, 45, 127, 221, 221];[20722, 4120];0.0
2023-04-17 01:18:26.464917;ff:ff:ff:ff:ff:ff;dc:a6:32:eb:59:4d;Raspberry Pi Trading Ltd;0;-88;104;3436;2447;;;[0, 1, 50, 3, 45, 127, 221, 221];[20722, 4120];0.0
2023-04-17 01:18:26.485235;ff:ff:ff:ff:ff:ff;dc:a6:32:eb:59:4d;Raspberry Pi Trading Ltd;0;-87;105;3437;2447;;;[0, 1, 50, 3, 45, 127, 221, 221];[20722, 4120];0.0
2023-04-17 01:18:26.527610;ff:ff:ff:ff:ff:ff;dc:a6:32:eb:59:4d;Raspberry Pi Trading Ltd;0;-87;106;3439;2452;;;[0, 1, 50, 3, 45, 127, 221, 221];[20722, 4120];0.0
2023-04-17 01:18:26.569702;ff:ff:ff:ff:ff:ff;dc:a6:32:eb:59:4d;Raspberry Pi Trading Ltd;0;-87;107;3441;2457;;;[0, 1, 50, 3, 45, 127, 221, 221];[20722, 4120];0.0
2023-04-17 01:18:26.611906;ff:ff:ff:ff:ff:ff;dc:a6:32:eb:59:4d;Raspberry Pi Trading Ltd;0;-93;108;3443;2462;;;[0, 1, 50, 3, 45, 127, 221, 221];[20722, 4120];0.0
2023-04-17 01:19:37.586742;ff:ff:ff:ff:ff:ff;7c:8b:ca:ec:a0:18;TP-LINK TECHNOLOGIES CO.,LTD.;0;-93;109;1932;2462;;;[0, 1, 50, 45, 70, 127];[];0.0
2023-04-17 01:19:37.594604;ff:ff:ff:ff:ff:ff;7c:8b:ca:ec:a0:18;TP-LINK TECHNOLOGIES CO.,LTD.;0;-91;110;1933;2462;;;[0, 1, 50, 45, 70, 127];[];0.0
2023-04-17 01:19:37.606685;ff:ff:ff:ff:ff:ff;7c:8b:ca:ec:a0:18;TP-LINK TECHNOLOGIES CO.,LTD.;0;-94;111;1938;2462;;;[0, 1, 50, 45, 70, 127];[];0.0
2023-04-17 01:19:37.933214;ff:ff:ff:ff:ff:ff;7c:8b:ca:ec:a0:18;TP-LINK TECHNOLOGIES CO.,LTD.;0;-85;112;1949;2442;;;[0, 1, 50, 45, 70, 127];[];0.0
2023-04-17 01:20:27.305891;ff:ff:ff:ff:ff:ff;dc:a6:32:eb:59:4d;Raspberry Pi Trading Ltd;0;-84;113;3470;2427;;;[0, 1, 50, 3, 45, 127, 221, 221];[20722, 4120];0.0
2023-04-17 01:20:27.347500;ff:ff:ff:ff:ff:ff;dc:a6:32:eb:59:4d;Raspberry Pi Trading Ltd;0;-86;114;3472;2432;;;[0, 1, 50, 3, 45, 127, 221, 221];[20722, 4120];0.0
2023-04-17 01:20:27.393706;ff:ff:ff:ff:ff:ff;dc:a6:32:eb:59:4d;Raspberry Pi Trading Ltd;0;-91;115;3474;2437;;;[0, 1, 50, 3, 45, 127, 221, 221];[20722, 4120];0.0
2023-04-17 01:20:27.432114;ff:ff:ff:ff:ff:ff;dc:a6:32:eb:59:4d;Raspberry Pi Trading Ltd;0;-89;116;3476;2442;;;[0, 1, 50, 3, 45, 127, 221, 221];[20722, 4120];0.0
2023-04-17 01:20:27.452172;ff:ff:ff:ff:ff:ff;dc:a6:32:eb:59:4d;Raspberry Pi Trading Ltd;0;-83;117;3477;2442;;;[0, 1, 50, 3, 45, 127, 221, 221];[20722, 4120];0.0
2023-04-17 01:20:27.473820;ff:ff:ff:ff:ff:ff;dc:a6:32:eb:59:4d;Raspberry Pi Trading Ltd;0;-90;118;3478;2447;;;[0, 1, 50, 3, 45, 127, 221, 221];[20722, 4120];0.0
2023-04-17 01:20:27.495844;ff:ff:ff:ff:ff:ff;dc:a6:32:eb:59:4d;Raspberry Pi Trading Ltd;0;-89;119;3479;2447;;;[0, 1, 50, 3, 45, 127, 221, 221];[20722, 4120];0.0
2023-04-17 01:20:27.517126;ff:ff:ff:ff:ff:ff;dc:a6:32:eb:59:4d;Raspberry Pi Trading Ltd;0;-85;120;3480;2452;;;[0, 1, 50, 3, 45, 127, 221, 221];[20722, 4120];0.0
2023-04-17 01:20:27.537439;ff:ff:ff:ff:ff:ff;dc:a6:32:eb:59:4d;Raspberry Pi Trading Ltd;0;-86;121;3481;2452;;;[0, 1, 50, 3, 45, 127, 221, 221];[20722, 4120];0.0
2023-04-17 01:20:27.579548;ff:ff:ff:ff:ff:ff;dc:a6:32:eb:59:4d;Raspberry Pi Trading Ltd;0;-87;122;3483;2457;;;[0, 1, 50, 3, 45, 127, 221, 221];[20722, 4120];0.0
2023-04-17 01:20:27.622234;ff:ff:ff:ff:ff:ff;dc:a6:32:eb:59:4d;Raspberry Pi Trading Ltd;0;-92;123;3485;2462;;;[0, 1, 50, 3, 45, 127, 221, 221];[20722, 4120];0.0
2023-04-17 01:20:37.886565;ff:ff:ff:ff:ff:ff;7c:8b:ca:ec:a0:18;TP-LINK TECHNOLOGIES CO.,LTD.;0;-87;124;1950;2442;;;[0, 1, 50, 45, 70, 127];[];0.0
2023-04-17 01:29:38.004805;ff:ff:ff:ff:ff:ff;7c:8b:ca:ec:a0:18;TP-LINK TECHNOLOGIES CO.,LTD.;0;-86;125;2065;2442;;;[0, 1, 50, 45, 70, 127];[];0.0
2023-04-17 01:36:37.474213;ff:ff:ff:ff:ff:ff;7c:8b:ca:ec:a0:18;TP-LINK TECHNOLOGIES CO.,LTD.;0;-87;126;2077;2452;;;[0, 1, 50, 45, 70, 127];[];0.0
2023-04-17 01:36:37.483435;ff:ff:ff:ff:ff:ff;7c:8b:ca:ec:a0:18;TP-LINK TECHNOLOGIES CO.,LTD.;0;-88;127;2081;2452;;;[0, 1, 50, 45, 70, 127];[];0.0
2023-04-17 01:36:37.490554;ff:ff:ff:ff:ff:ff;7c:8b:ca:ec:a0:18;TP-LINK TECHNOLOGIES CO.,LTD.;0;-88;128;2082;2452;;;[0, 1, 50, 45, 70, 127];[];0.0
2023-04-17 01:36:37.491528;ff:ff:ff:ff:ff:ff;7c:8b:ca:ec:a0:18;TP-LINK TECHNOLOGIES CO.,LTD.;0;-89;129;2083;2452;;;[0, 1, 50, 45, 70, 127];[];0.0
2023-04-17 01:36:37.500213;ff:ff:ff:ff:ff:ff;7c:8b:ca:ec:a0:18;TP-LINK TECHNOLOGIES CO.,LTD.;0;-84;130;2090;2452;;;[0, 1, 50, 45, 70, 127];[];0.0
2023-04-17 01:47:37.496902;ff:ff:ff:ff:ff:ff;7c:8b:ca:ec:a0:18;TP-LINK TECHNOLOGIES CO.,LTD.;0;-88;131;2262;2452;;;[0, 1, 50, 45, 70, 127];[];0.0
2023-04-17 01:47:37.503497;ff:ff:ff:ff:ff:ff;7c:8b:ca:ec:a0:18;TP-LINK TECHNOLOGIES CO.,LTD.;0;-87;132;2263;2452;;;[0, 1, 50, 45, 70, 127];[];0.0
2023-04-17 01:47:37.505205;ff:ff:ff:ff:ff:ff;7c:8b:ca:ec:a0:18;TP-LINK TECHNOLOGIES CO.,LTD.;0;-89;133;2264;2452;;;[0, 1, 50, 45, 70, 127];[];0.0
2023-04-17 01:47:37.506173;ff:ff:ff:ff:ff:ff;7c:8b:ca:ec:a0:18;TP-LINK TECHNOLOGIES CO.,LTD.;0;-89;134;2265;2452;;;[0, 1, 50, 45, 70, 127];[];0.0
2023-04-17 01:47:37.656429;ff:ff:ff:ff:ff:ff;7c:8b:ca:ec:a0:18;TP-LINK TECHNOLOGIES CO.,LTD.;0;-91;135;2281;2462;;;[0, 1, 50, 45, 70, 127];[];0.0
2023-04-17 01:47:37.957090;ff:ff:ff:ff:ff:ff;7c:8b:ca:ec:a0:18;TP-LINK TECHNOLOGIES CO.,LTD.;0;-87;136;2295;2442;;;[0, 1, 50, 45, 70, 127];[];0.0
2023-04-17 01:56:43.282074;ff:ff:ff:ff:ff:ff;dc:a6:32:eb:59:4d;Raspberry Pi Trading Ltd;0;-82;137;140;2417;;;[0, 1, 50, 3, 45, 127, 221, 221];[20722, 4120];0.0
2023-04-17 01:56:43.303271;ff:ff:ff:ff:ff:ff;dc:a6:32:eb:59:4d;Raspberry Pi Trading Ltd;0;-82;138;141;2417;;;[0, 1, 50, 3, 45, 127, 221, 221];[20722, 4120];0.0
2023-04-17 01:56:43.323255;ff:ff:ff:ff:ff:ff;dc:a6:32:eb:59:4d;Raspberry Pi Trading Ltd;0;-83;139;142;2422;;;[0, 1, 50, 3, 45, 127, 221, 221];[20722, 4120];0.0
2023-04-17 01:56:43.342908;ff:ff:ff:ff:ff:ff;dc:a6:32:eb:59:4d;Raspberry Pi Trading Ltd;0;-83;140;143;2422;;;[0, 1, 50, 3, 45, 127, 221, 221];[20722, 4120];0.0
2023-04-17 01:56:43.364846;ff:ff:ff:ff:ff:ff;dc:a6:32:eb:59:4d;Raspberry Pi Trading Ltd;0;-83;141;144;2427;;;[0, 1, 50, 3, 45, 127, 221, 221];[20722, 4120];0.0
2023-04-17 01:56:43.385457;ff:ff:ff:ff:ff:ff;dc:a6:32:eb:59:4d;Raspberry Pi Trading Ltd;0;-84;142;145;2427;;;[0, 1, 50, 3, 45, 127, 221, 221];[20722, 4120];0.0
2023-04-17 01:56:43.427100;ff:ff:ff:ff:ff:ff;dc:a6:32:eb:59:4d;Raspberry Pi Trading Ltd;0;-86;143;147;2432;;;[0, 1, 50, 3, 45, 127, 221, 221];[20722, 4120];0.0
2023-04-17 01:56:43.469085;ff:ff:ff:ff:ff:ff;dc:a6:32:eb:59:4d;Raspberry Pi Trading Ltd;0;-91;144;149;2437;;;[0, 1, 50, 3, 45, 127, 221, 221];[20722, 4120];0.0
2023-04-17 01:56:43.510196;ff:ff:ff:ff:ff:ff;dc:a6:32:eb:59:4d;Raspberry Pi Trading Ltd;0;-88;145;151;2442;;;[0, 1, 50, 3, 45, 127, 221, 221];[20722, 4120];0.0
2023-04-17 01:58:37.504001;ff:ff:ff:ff:ff:ff;7c:8b:ca:ec:a0:18;TP-LINK TECHNOLOGIES CO.,LTD.;0;-88;146;2398;2452;;;[0, 1, 50, 45, 70, 127];[];0.0
2023-04-17 01:58:37.507832;ff:ff:ff:ff:ff:ff;7c:8b:ca:ec:a0:18;TP-LINK TECHNOLOGIES CO.,LTD.;0;-89;147;2402;2452;;;[0, 1, 50, 45, 70, 127];[];0.0
2023-04-17 01:58:44.406383;ff:ff:ff:ff:ff:ff;dc:a6:32:eb:59:4d;Raspberry Pi Trading Ltd;0;-84;148;187;2427;;;[0, 1, 50, 3, 45, 127, 221, 221];[20722, 4120];0.0
2023-04-17 01:58:44.448732;ff:ff:ff:ff:ff:ff;dc:a6:32:eb:59:4d;Raspberry Pi Trading Ltd;0;-85;149;189;2432;;;[0, 1, 50, 3, 45, 127, 221, 221];[20722, 4120];0.0
2023-04-17 01:58:44.490835;ff:ff:ff:ff:ff:ff;dc:a6:32:eb:59:4d;Raspberry Pi Trading Ltd;0;-91;150;191;2437;;;[0, 1, 50, 3, 45, 127, 221, 221];[20722, 4120];0.0
2023-04-17 01:58:44.533728;ff:ff:ff:ff:ff:ff;dc:a6:32:eb:59:4d;Raspberry Pi Trading Ltd;0;-91;151;193;2442;;;[0, 1, 50, 3, 45, 127, 221, 221];[20722, 4120];0.0
2023-04-17 01:58:44.553600;ff:ff:ff:ff:ff:ff;dc:a6:32:eb:59:4d;Raspberry Pi Trading Ltd;0;-89;152;194;2442;;;[0, 1, 50, 3, 45, 127, 221, 221];[20722, 4120];0.0
2023-04-17 01:58:44.575131;ff:ff:ff:ff:ff:ff;dc:a6:32:eb:59:4d;Raspberry Pi Trading Ltd;0;-87;153;195;2447;;;[0, 1, 50, 3, 45, 127, 221, 221];[20722, 4120];0.0
2023-04-17 01:58:44.595415;ff:ff:ff:ff:ff:ff;dc:a6:32:eb:59:4d;Raspberry Pi Trading Ltd;0;-89;154;196;2447;;;[0, 1, 50, 3, 45, 127, 221, 221];[20722, 4120];0.0
2023-04-17 01:58:44.617809;ff:ff:ff:ff:ff:ff;dc:a6:32:eb:59:4d;Raspberry Pi Trading Ltd;0;-86;155;197;2452;;;[0, 1, 50, 3, 45, 127, 221, 221];[20722, 4120];0.0
2023-04-17 01:58:44.638038;ff:ff:ff:ff:ff:ff;dc:a6:32:eb:59:4d;Raspberry Pi Trading Ltd;0;-83;156;198;2452;;;[0, 1, 50, 3, 45, 127, 221, 221];[20722, 4120];0.0
2023-04-17 01:58:44.680210;ff:ff:ff:ff:ff:ff;dc:a6:32:eb:59:4d;Raspberry Pi Trading Ltd;0;-87;157;200;2457;;;[0, 1, 50, 3, 45, 127, 221, 221];[20722, 4120];0.0
2023-04-17 02:01:37.643043;ff:ff:ff:ff:ff:ff;7c:8b:ca:ec:a0:18;TP-LINK TECHNOLOGIES CO.,LTD.;0;-88;158;2546;2457;;;[0, 1, 50, 45, 70, 127];[];0.0
2023-04-17 02:01:37.644862;ff:ff:ff:ff:ff:ff;7c:8b:ca:ec:a0:18;TP-LINK TECHNOLOGIES CO.,LTD.;0;-90;159;2547;2457;;;[0, 1, 50, 45, 70, 127];[];0.0
2023-04-17 02:01:37.645805;ff:ff:ff:ff:ff:ff;7c:8b:ca:ec:a0:18;TP-LINK TECHNOLOGIES CO.,LTD.;0;-88;160;2548;2457;;;[0, 1, 50, 45, 70, 127];[];0.0
2023-04-17 02:01:37.647660;ff:ff:ff:ff:ff:ff;7c:8b:ca:ec:a0:18;TP-LINK TECHNOLOGIES CO.,LTD.;0;-91;161;2549;2457;;;[0, 1, 50, 45, 70, 127];[];0.0
2023-04-17 02:01:37.648783;ff:ff:ff:ff:ff:ff;7c:8b:ca:ec:a0:18;TP-LINK TECHNOLOGIES CO.,LTD.;0;-91;162;2550;2457;;;[0, 1, 50, 45, 70, 127];[];0.0
2023-04-17 02:01:37.655274;ff:ff:ff:ff:ff:ff;7c:8b:ca:ec:a0:18;TP-LINK TECHNOLOGIES CO.,LTD.;0;-92;163;2552;2457;;;[0, 1, 50, 45, 70, 127];[];0.0
2023-04-17 02:01:37.656924;ff:ff:ff:ff:ff:ff;7c:8b:ca:ec:a0:18;TP-LINK TECHNOLOGIES CO.,LTD.;0;-92;164;2553;2457;;;[0, 1, 50, 45, 70, 127];[];0.0
2023-04-17 02:01:37.663545;ff:ff:ff:ff:ff:ff;7c:8b:ca:ec:a0:18;TP-LINK TECHNOLOGIES CO.,LTD.;0;-91;165;2554;2457;;;[0, 1, 50, 45, 70, 127];[];0.0
2023-04-17 02:01:37.671145;ff:ff:ff:ff:ff:ff;7c:8b:ca:ec:a0:18;TP-LINK TECHNOLOGIES CO.,LTD.;0;-92;166;2555;2457;;;[0, 1, 50, 45, 70, 127];[];0.0
2023-04-17 02:01:38.050242;ff:ff:ff:ff:ff:ff;7c:8b:ca:ec:a0:18;TP-LINK TECHNOLOGIES CO.,LTD.;0;-86;167;2557;2442;;;[0, 1, 50, 45, 70, 127];[];0.0
2023-04-17 02:02:38.016566;ff:ff:ff:ff:ff:ff;7c:8b:ca:ec:a0:18;TP-LINK TECHNOLOGIES CO.,LTD.;0;-87;168;2558;2442;;;[0, 1, 50, 45, 70, 127];[];0.0
2023-04-17 02:12:38.059019;ff:ff:ff:ff:ff:ff;7c:8b:ca:ec:a0:18;TP-LINK TECHNOLOGIES CO.,LTD.;0;-86;169;2698;2442;;;[0, 1, 50, 45, 70, 127];[];0.0
2023-04-17 02:12:49.380083;ff:ff:ff:ff:ff:ff;dc:a6:32:eb:59:4d;Raspberry Pi Trading Ltd;0;-83;170;482;2417;;;[0, 1, 50, 3, 45, 127, 221, 221];[20722, 4120];0.0
2023-04-17 02:12:49.422593;ff:ff:ff:ff:ff:ff;dc:a6:32:eb:59:4d;Raspberry Pi Trading Ltd;0;-82;171;484;2422;;;[0, 1, 50, 3, 45, 127, 221, 221];[20722, 4120];0.0
2023-04-17 02:12:49.464244;ff:ff:ff:ff:ff:ff;dc:a6:32:eb:59:4d;Raspberry Pi Trading Ltd;0;-83;172;486;2427;;;[0, 1, 50, 3, 45, 127, 221, 221];[20722, 4120];0.0
2023-04-17 02:12:49.486634;ff:ff:ff:ff:ff:ff;dc:a6:32:eb:59:4d;Raspberry Pi Trading Ltd;0;-83;173;487;2427;;;[0, 1, 50, 3, 45, 127, 221, 221];[20722, 4120];0.0
2023-04-17 02:12:49.506487;ff:ff:ff:ff:ff:ff;dc:a6:32:eb:59:4d;Raspberry Pi Trading Ltd;0;-85;174;488;2432;;;[0, 1, 50, 3, 45, 127, 221, 221];[20722, 4120];0.0
2023-04-17 02:12:49.526785;ff:ff:ff:ff:ff:ff;dc:a6:32:eb:59:4d;Raspberry Pi Trading Ltd;0;-80;175;489;2432;;;[0, 1, 50, 3, 45, 127, 221, 221];[20722, 4120];0.0
2023-04-17 02:12:49.548595;ff:ff:ff:ff:ff:ff;dc:a6:32:eb:59:4d;Raspberry Pi Trading Ltd;0;-90;176;490;2437;;;[0, 1, 50, 3, 45, 127, 221, 221];[20722, 4120];0.0
2023-04-17 02:12:49.568873;ff:ff:ff:ff:ff:ff;dc:a6:32:eb:59:4d;Raspberry Pi Trading Ltd;0;-90;177;491;2437;;;[0, 1, 50, 3, 45, 127, 221, 221];[20722, 4120];0.0
2023-04-17 02:12:49.591216;ff:ff:ff:ff:ff:ff;dc:a6:32:eb:59:4d;Raspberry Pi Trading Ltd;0;-91;178;492;2442;;;[0, 1, 50, 3, 45, 127, 221, 221];[20722, 4120];0.0
2023-04-17 02:12:49.611729;ff:ff:ff:ff:ff:ff;dc:a6:32:eb:59:4d;Raspberry Pi Trading Ltd;0;-90;179;493;2442;;;[0, 1, 50, 3, 45, 127, 221, 221];[20722, 4120];0.0
2023-04-17 02:12:49.653460;ff:ff:ff:ff:ff:ff;dc:a6:32:eb:59:4d;Raspberry Pi Trading Ltd;0;-87;180;495;2447;;;[0, 1, 50, 3, 45, 127, 221, 221];[20722, 4120];0.0
2023-04-17 02:12:49.695544;ff:ff:ff:ff:ff:ff;dc:a6:32:eb:59:4d;Raspberry Pi Trading Ltd;0;-86;181;497;2452;;;[0, 1, 50, 3, 45, 127, 221, 221];[20722, 4120];0.0
2023-04-17 02:14:50.373375;ff:ff:ff:ff:ff:ff;dc:a6:32:eb:59:4d;Raspberry Pi Trading Ltd;0;-82;182;525;2417;;;[0, 1, 50, 3, 45, 127, 221, 221];[20722, 4120];0.0
2023-04-17 02:14:50.415213;ff:ff:ff:ff:ff:ff;dc:a6:32:eb:59:4d;Raspberry Pi Trading Ltd;0;-82;183;527;2422;;;[0, 1, 50, 3, 45, 127, 221, 221];[20722, 4120];0.0
2023-04-17 02:14:50.435198;ff:ff:ff:ff:ff:ff;dc:a6:32:eb:59:4d;Raspberry Pi Trading Ltd;0;-82;184;528;2422;;;[0, 1, 50, 3, 45, 127, 221, 221];[20722, 4120];0.0
2023-04-17 02:14:50.457005;ff:ff:ff:ff:ff:ff;dc:a6:32:eb:59:4d;Raspberry Pi Trading Ltd;0;-84;185;529;2427;;;[0, 1, 50, 3, 45, 127, 221, 221];[20722, 4120];0.0
2023-04-17 02:14:50.476933;ff:ff:ff:ff:ff:ff;dc:a6:32:eb:59:4d;Raspberry Pi Trading Ltd;0;-84;186;530;2427;;;[0, 1, 50, 3, 45, 127, 221, 221];[20722, 4120];0.0
2023-04-17 02:14:50.499038;ff:ff:ff:ff:ff:ff;dc:a6:32:eb:59:4d;Raspberry Pi Trading Ltd;0;-85;187;531;2432;;;[0, 1, 50, 3, 45, 127, 221, 221];[20722, 4120];0.0
2023-04-17 02:14:50.523621;ff:ff:ff:ff:ff:ff;dc:a6:32:eb:59:4d;Raspberry Pi Trading Ltd;0;-85;188;532;2432;;;[0, 1, 50, 3, 45, 127, 221, 221];[20722, 4120];0.0
2023-04-17 02:14:50.541365;ff:ff:ff:ff:ff:ff;dc:a6:32:eb:59:4d;Raspberry Pi Trading Ltd;0;-92;189;533;2437;;;[0, 1, 50, 3, 45, 127, 221, 221];[20722, 4120];0.0
2023-04-17 02:14:50.562117;ff:ff:ff:ff:ff:ff;dc:a6:32:eb:59:4d;Raspberry Pi Trading Ltd;0;-90;190;534;2437;;;[0, 1, 50, 3, 45, 127, 221, 221];[20722, 4120];0.0
2023-04-17 02:14:50.603968;ff:ff:ff:ff:ff:ff;dc:a6:32:eb:59:4d;Raspberry Pi Trading Ltd;0;-88;191;536;2442;;;[0, 1, 50, 3, 45, 127, 221, 221];[20722, 4120];0.0
2023-04-17 02:14:50.646025;ff:ff:ff:ff:ff:ff;dc:a6:32:eb:59:4d;Raspberry Pi Trading Ltd;0;-88;192;538;2447;;;[0, 1, 50, 3, 45, 127, 221, 221];[20722, 4120];0.0
2023-04-17 02:16:51.349034;ff:ff:ff:ff:ff:ff;dc:a6:32:eb:59:4d;Raspberry Pi Trading Ltd;0;-82;193;569;2417;;;[0, 1, 50, 3, 45, 127, 221, 221];[20722, 4120];0.0
2023-04-17 02:16:51.391099;ff:ff:ff:ff:ff:ff;dc:a6:32:eb:59:4d;Raspberry Pi Trading Ltd;0;-83;194;571;2422;;;[0, 1, 50, 3, 45, 127, 221, 221];[20722, 4120];0.0
2023-04-17 02:18:51.742082;ff:ff:ff:ff:ff:ff;dc:a6:32:eb:59:4d;Raspberry Pi Trading Ltd;0;-94;195;629;2462;;;[0, 1, 50, 3, 45, 127, 221, 221];[20722, 4120];0.0
2023-04-17 02:20:52.410961;ff:ff:ff:ff:ff:ff;dc:a6:32:eb:59:4d;Raspberry Pi Trading Ltd;0;-85;196;658;2432;;;[0, 1, 50, 3, 45, 127, 221, 221];[20722, 4120];0.0
2023-04-17 02:20:52.537482;ff:ff:ff:ff:ff:ff;dc:a6:32:eb:59:4d;Raspberry Pi Trading Ltd;0;-89;197;664;2442;;;[0, 1, 50, 3, 45, 127, 221, 221];[20722, 4120];0.0
2023-04-17 02:20:52.579490;ff:ff:ff:ff:ff:ff;dc:a6:32:eb:59:4d;Raspberry Pi Trading Ltd;0;-88;198;666;2447;;;[0, 1, 50, 3, 45, 127, 221, 221];[20722, 4120];0.0
2023-04-17 02:20:52.621869;ff:ff:ff:ff:ff:ff;dc:a6:32:eb:59:4d;Raspberry Pi Trading Ltd;0;-86;199;668;2452;;;[0, 1, 50, 3, 45, 127, 221, 221];[20722, 4120];0.0
2023-04-17 02:20:52.664303;ff:ff:ff:ff:ff:ff;dc:a6:32:eb:59:4d;Raspberry Pi Trading Ltd;0;-88;200;670;2457;;;[0, 1, 50, 3, 45, 127, 221, 221];[20722, 4120];0.0
2023-04-17 02:20:52.684567;ff:ff:ff:ff:ff:ff;dc:a6:32:eb:59:4d;Raspberry Pi Trading Ltd;0;-88;201;671;2457;;;[0, 1, 50, 3, 45, 127, 221, 221];[20722, 4120];0.0
2023-04-17 02:20:52.706439;ff:ff:ff:ff:ff:ff;dc:a6:32:eb:59:4d;Raspberry Pi Trading Ltd;0;-95;202;672;2462;;;[0, 1, 50, 3, 45, 127, 221, 221];[20722, 4120];0.0
2023-04-17 02:24:54.773000;ff:ff:ff:ff:ff:ff;dc:a6:32:eb:59:4d;Raspberry Pi Trading Ltd;0;-92;203;757;2462;;;[0, 1, 50, 3, 45, 127, 221, 221];[20722, 4120];0.0
2023-04-17 02:26:55.534017;ff:ff:ff:ff:ff:ff;dc:a6:32:eb:59:4d;Raspberry Pi Trading Ltd;0;-86;204;792;2442;;;[0, 1, 50, 3, 45, 127, 221, 221];[20722, 4120];0.0
2023-04-17 02:26:55.577554;ff:ff:ff:ff:ff:ff;dc:a6:32:eb:59:4d;Raspberry Pi Trading Ltd;0;-87;205;794;2447;;;[0, 1, 50, 3, 45, 127, 221, 221];[20722, 4120];0.0
2023-04-17 02:26:55.619881;ff:ff:ff:ff:ff:ff;dc:a6:32:eb:59:4d;Raspberry Pi Trading Ltd;0;-85;206;796;2452;;;[0, 1, 50, 3, 45, 127, 221, 221];[20722, 4120];0.0
2023-04-17 02:26:55.661913;ff:ff:ff:ff:ff:ff;dc:a6:32:eb:59:4d;Raspberry Pi Trading Ltd;0;-87;207;798;2457;;;[0, 1, 50, 3, 45, 127, 221, 221];[20722, 4120];0.0
2023-04-17 02:26:55.682180;ff:ff:ff:ff:ff:ff;dc:a6:32:eb:59:4d;Raspberry Pi Trading Ltd;0;-87;208;799;2457;;;[0, 1, 50, 3, 45, 127, 221, 221];[20722, 4120];0.0
2023-04-17 02:27:37.054404;ff:ff:ff:ff:ff:ff;7c:8b:ca:ec:a0:18;TP-LINK TECHNOLOGIES CO.,LTD.;0;-84;209;2826;2417;;;[0, 1, 50, 45, 70, 127];[];0.0
2023-04-17 02:28:56.758393;ff:ff:ff:ff:ff:ff;dc:a6:32:eb:59:4d;Raspberry Pi Trading Ltd;0;-90;210;843;2462;;;[0, 1, 50, 3, 45, 127, 221, 221];[20722, 4120];0.0
2023-04-17 02:28:56.778656;ff:ff:ff:ff:ff:ff;dc:a6:32:eb:59:4d;Raspberry Pi Trading Ltd;0;-94;211;844;2462;;;[0, 1, 50, 3, 45, 127, 221, 221];[20722, 4120];0.0
2023-04-17 02:30:37.583196;ff:ff:ff:ff:ff:ff;7c:8b:ca:ec:a0:18;TP-LINK TECHNOLOGIES CO.,LTD.;0;-88;212;2938;2452;;;[0, 1, 50, 45, 70, 127];[];0.0
2023-04-17 02:30:37.584121;ff:ff:ff:ff:ff:ff;7c:8b:ca:ec:a0:18;TP-LINK TECHNOLOGIES CO.,LTD.;0;-89;213;2939;2452;;;[0, 1, 50, 45, 70, 127];[];0.0
2023-04-17 02:30:37.585978;ff:ff:ff:ff:ff:ff;7c:8b:ca:ec:a0:18;TP-LINK TECHNOLOGIES CO.,LTD.;0;-88;214;2940;2452;;;[0, 1, 50, 45, 70, 127];[];0.0
2023-04-17 02:30:37.586937;ff:ff:ff:ff:ff:ff;7c:8b:ca:ec:a0:18;TP-LINK TECHNOLOGIES CO.,LTD.;0;-89;215;2941;2452;;;[0, 1, 50, 45, 70, 127];[];0.0
2023-04-17 02:30:37.588711;ff:ff:ff:ff:ff:ff;7c:8b:ca:ec:a0:18;TP-LINK TECHNOLOGIES CO.,LTD.;0;-87;216;2942;2452;;;[0, 1, 50, 45, 70, 127];[];0.0
2023-04-17 02:30:37.728164;ff:ff:ff:ff:ff:ff;7c:8b:ca:ec:a0:18;TP-LINK TECHNOLOGIES CO.,LTD.;0;-91;217;2946;2462;;;[0, 1, 50, 45, 70, 127];[];0.0
2023-04-17 02:30:37.729134;ff:ff:ff:ff:ff:ff;7c:8b:ca:ec:a0:18;TP-LINK TECHNOLOGIES CO.,LTD.;0;-92;218;2947;2462;;;[0, 1, 50, 45, 70, 127];[];0.0
2023-04-17 02:30:37.730102;ff:ff:ff:ff:ff:ff;7c:8b:ca:ec:a0:18;TP-LINK TECHNOLOGIES CO.,LTD.;0;-92;219;2948;2462;;;[0, 1, 50, 45, 70, 127];[];0.0
2023-04-17 02:30:37.731908;ff:ff:ff:ff:ff:ff;7c:8b:ca:ec:a0:18;TP-LINK TECHNOLOGIES CO.,LTD.;0;-94;220;2949;2462;;;[0, 1, 50, 45, 70, 127];[];0.0
2023-04-17 02:39:37.750073;ff:ff:ff:ff:ff:ff;7c:8b:ca:ec:a0:18;TP-LINK TECHNOLOGIES CO.,LTD.;0;-92;221;3054;2462;;;[0, 1, 50, 45, 70, 127];[];0.0
2023-04-17 02:39:37.752315;ff:ff:ff:ff:ff:ff;7c:8b:ca:ec:a0:18;TP-LINK TECHNOLOGIES CO.,LTD.;0;-94;222;3056;2462;;;[0, 1, 50, 45, 70, 127];[];0.0
2023-04-17 02:39:37.758123;ff:ff:ff:ff:ff:ff;7c:8b:ca:ec:a0:18;TP-LINK TECHNOLOGIES CO.,LTD.;0;-91;223;3057;2462;;;[0, 1, 50, 45, 70, 127];[];0.0
2023-04-17 02:39:38.095480;ff:ff:ff:ff:ff:ff;7c:8b:ca:ec:a0:18;TP-LINK TECHNOLOGIES CO.,LTD.;0;-86;224;3060;2442;;;[0, 1, 50, 45, 70, 127];[];0.0
2023-04-17 02:40:37.596748;ff:ff:ff:ff:ff:ff;7c:8b:ca:ec:a0:18;TP-LINK TECHNOLOGIES CO.,LTD.;0;-88;225;3061;2452;;;[0, 1, 50, 45, 70, 127];[];0.0
2023-04-17 02:40:37.600307;ff:ff:ff:ff:ff:ff;7c:8b:ca:ec:a0:18;TP-LINK TECHNOLOGIES CO.,LTD.;0;-89;226;3063;2452;;;[0, 1, 50, 45, 70, 127];[];0.0
2023-04-17 02:40:37.601276;ff:ff:ff:ff:ff:ff;7c:8b:ca:ec:a0:18;TP-LINK TECHNOLOGIES CO.,LTD.;0;-87;227;3064;2452;;;[0, 1, 50, 45, 70, 127];[];0.0
2023-04-17 02:40:37.603874;ff:ff:ff:ff:ff:ff;7c:8b:ca:ec:a0:18;TP-LINK TECHNOLOGIES CO.,LTD.;0;-89;228;3065;2452;;;[0, 1, 50, 45, 70, 127];[];0.0
2023-04-17 02:40:37.604974;ff:ff:ff:ff:ff:ff;7c:8b:ca:ec:a0:18;TP-LINK TECHNOLOGIES CO.,LTD.;0;-88;229;3066;2452;;;[0, 1, 50, 45, 70, 127];[];0.0
2023-04-17 02:40:37.612416;ff:ff:ff:ff:ff:ff;7c:8b:ca:ec:a0:18;TP-LINK TECHNOLOGIES CO.,LTD.;0;-88;230;3068;2452;;;[0, 1, 50, 45, 70, 127];[];0.0
2023-04-17 02:40:37.614670;ff:ff:ff:ff:ff:ff;7c:8b:ca:ec:a0:18;TP-LINK TECHNOLOGIES CO.,LTD.;0;-89;231;3070;2452;;;[0, 1, 50, 45, 70, 127];[];0.0
2023-04-17 02:40:37.757424;ff:ff:ff:ff:ff:ff;7c:8b:ca:ec:a0:18;TP-LINK TECHNOLOGIES CO.,LTD.;0;-93;232;3076;2462;;;[0, 1, 50, 45, 70, 127];[];0.0
2023-04-17 02:40:37.769473;ff:ff:ff:ff:ff:ff;7c:8b:ca:ec:a0:18;TP-LINK TECHNOLOGIES CO.,LTD.;0;-91;233;3082;2462;;;[0, 1, 50, 45, 70, 127];[];0.0
2023-04-17 02:40:37.783807;ff:ff:ff:ff:ff:ff;7c:8b:ca:ec:a0:18;TP-LINK TECHNOLOGIES CO.,LTD.;0;-91;234;3087;2462;;;[0, 1, 50, 45, 70, 127];[];0.0
2023-04-17 02:40:38.063079;ff:ff:ff:ff:ff:ff;7c:8b:ca:ec:a0:18;TP-LINK TECHNOLOGIES CO.,LTD.;0;-87;235;3103;2442;;;[0, 1, 50, 45, 70, 127];[];0.0
2023-04-17 02:50:37.349213;ff:ff:ff:ff:ff:ff;7c:8b:ca:ec:a0:18;TP-LINK TECHNOLOGIES CO.,LTD.;0;-86;236;3150;2422;;;[0, 1, 50, 45, 70, 127];[];0.0
2023-04-17 02:50:37.350247;ff:ff:ff:ff:ff:ff;7c:8b:ca:ec:a0:18;TP-LINK TECHNOLOGIES CO.,LTD.;0;-87;237;3151;2422;;;[0, 1, 50, 45, 70, 127];[];0.0
2023-04-17 02:50:37.640081;ff:ff:ff:ff:ff:ff;7c:8b:ca:ec:a0:18;TP-LINK TECHNOLOGIES CO.,LTD.;0;-88;238;3166;2452;;;[0, 1, 50, 45, 70, 127];[];0.0
2023-04-17 02:50:37.640984;ff:ff:ff:ff:ff:ff;7c:8b:ca:ec:a0:18;TP-LINK TECHNOLOGIES CO.,LTD.;0;-88;239;3167;2452;;;[0, 1, 50, 45, 70, 127];[];0.0
2023-04-17 02:50:37.641926;ff:ff:ff:ff:ff:ff;7c:8b:ca:ec:a0:18;TP-LINK TECHNOLOGIES CO.,LTD.;0;-85;240;3168;2452;;;[0, 1, 50, 45, 70, 127];[];0.0
2023-04-17 02:50:37.643741;ff:ff:ff:ff:ff:ff;7c:8b:ca:ec:a0:18;TP-LINK TECHNOLOGIES CO.,LTD.;0;-85;241;3169;2452;;;[0, 1, 50, 45, 70, 127];[];0.0
2023-04-17 02:50:37.645421;ff:ff:ff:ff:ff:ff;7c:8b:ca:ec:a0:18;TP-LINK TECHNOLOGIES CO.,LTD.;0;-88;242;3170;2452;;;[0, 1, 50, 45, 70, 127];[];0.0
2023-04-17 02:50:37.646572;ff:ff:ff:ff:ff:ff;7c:8b:ca:ec:a0:18;TP-LINK TECHNOLOGIES CO.,LTD.;0;-86;243;3171;2452;;;[0, 1, 50, 45, 70, 127];[];0.0
2023-04-17 02:50:37.803728;ff:ff:ff:ff:ff:ff;7c:8b:ca:ec:a0:18;TP-LINK TECHNOLOGIES CO.,LTD.;0;-93;244;3188;2462;;;[0, 1, 50, 45, 70, 127];[];0.0
2023-04-17 02:50:37.819172;ff:ff:ff:ff:ff:ff;7c:8b:ca:ec:a0:18;TP-LINK TECHNOLOGIES CO.,LTD.;0;-93;245;3193;2462;;;[0, 1, 50, 45, 70, 127];[];0.0
2023-04-17 02:50:38.105060;ff:ff:ff:ff:ff:ff;7c:8b:ca:ec:a0:18;TP-LINK TECHNOLOGIES CO.,LTD.;0;-87;246;3196;2442;;;[0, 1, 50, 45, 70, 127];[];0.0
2023-04-17 03:03:51.420528;ff:ff:ff:ff:ff:ff;7c:8b:ca:ec:a0:18;TP-LINK TECHNOLOGIES CO.,LTD.;0;-86;247;3422;2442;;;[0, 1, 50, 45, 70, 127];[];0.0
2023-04-17 03:04:51.392161;ff:ff:ff:ff:ff:ff;7c:8b:ca:ec:a0:18;TP-LINK TECHNOLOGIES CO.,LTD.;0;-86;248;3423;2442;;;[0, 1, 50, 45, 70, 127];[];0.0
2023-04-17 03:15:50.919007;ff:ff:ff:ff:ff:ff;7c:8b:ca:ec:a0:18;TP-LINK TECHNOLOGIES CO.,LTD.;0;-88;249;3512;2452;;;[0, 1, 50, 45, 70, 127];[];0.0
2023-04-17 03:15:50.919962;ff:ff:ff:ff:ff:ff;7c:8b:ca:ec:a0:18;TP-LINK TECHNOLOGIES CO.,LTD.;0;-88;250;3513;2452;;;[0, 1, 50, 45, 70, 127];[];0.0
2023-04-17 03:15:50.920908;ff:ff:ff:ff:ff:ff;7c:8b:ca:ec:a0:18;TP-LINK TECHNOLOGIES CO.,LTD.;0;-88;251;3514;2452;;;[0, 1, 50, 45, 70, 127];[];0.0
2023-04-17 03:15:50.926325;ff:ff:ff:ff:ff:ff;7c:8b:ca:ec:a0:18;TP-LINK TECHNOLOGIES CO.,LTD.;0;-86;252;3518;2452;;;[0, 1, 50, 45, 70, 127];[];0.0
2023-04-17 03:15:50.927441;ff:ff:ff:ff:ff:ff;7c:8b:ca:ec:a0:18;TP-LINK TECHNOLOGIES CO.,LTD.;0;-88;253;3519;2452;;;[0, 1, 50, 45, 70, 127];[];0.0
2023-04-17 03:15:50.928590;ff:ff:ff:ff:ff:ff;7c:8b:ca:ec:a0:18;TP-LINK TECHNOLOGIES CO.,LTD.;0;-88;254;3520;2452;;;[0, 1, 50, 45, 70, 127];[];0.0
2023-04-17 03:24:51.074044;ff:ff:ff:ff:ff:ff;7c:8b:ca:ec:a0:18;TP-LINK TECHNOLOGIES CO.,LTD.;0;-91;255;3663;2457;;;[0, 1, 50, 45, 70, 127];[];0.0
2023-04-17 03:24:51.090188;ff:ff:ff:ff:ff:ff;7c:8b:ca:ec:a0:18;TP-LINK TECHNOLOGIES CO.,LTD.;0;-90;256;3664;2457;;;[0, 1, 50, 45, 70, 127];[];0.0
2023-04-17 03:24:51.091103;ff:ff:ff:ff:ff:ff;7c:8b:ca:ec:a0:18;TP-LINK TECHNOLOGIES CO.,LTD.;0;-90;257;3665;2457;;;[0, 1, 50, 45, 70, 127];[];0.0
2023-04-17 03:24:51.490795;ff:ff:ff:ff:ff:ff;7c:8b:ca:ec:a0:18;TP-LINK TECHNOLOGIES CO.,LTD.;0;-87;258;3667;2442;;;[0, 1, 50, 45, 70, 127];[];0.0
2023-04-17 03:25:51.425286;ff:ff:ff:ff:ff:ff;7c:8b:ca:ec:a0:18;TP-LINK TECHNOLOGIES CO.,LTD.;0;-86;259;3668;2442;;;[0, 1, 50, 45, 70, 127];[];0.0
2023-04-17 03:30:50.993453;ff:ff:ff:ff:ff:ff;7c:8b:ca:ec:a0:18;TP-LINK TECHNOLOGIES CO.,LTD.;0;-87;260;3723;2452;;;[0, 1, 50, 45, 70, 127];[];0.0
2023-04-17 03:30:50.994352;ff:ff:ff:ff:ff:ff;7c:8b:ca:ec:a0:18;TP-LINK TECHNOLOGIES CO.,LTD.;0;-88;261;3724;2452;;;[0, 1, 50, 45, 70, 127];[];0.0
2023-04-17 03:30:50.995313;ff:ff:ff:ff:ff:ff;7c:8b:ca:ec:a0:18;TP-LINK TECHNOLOGIES CO.,LTD.;0;-88;262;3725;2452;;;[0, 1, 50, 45, 70, 127];[];0.0
2023-04-17 03:30:50.996263;ff:ff:ff:ff:ff:ff;7c:8b:ca:ec:a0:18;TP-LINK TECHNOLOGIES CO.,LTD.;0;-88;263;3726;2452;;;[0, 1, 50, 45, 70, 127];[];0.0
2023-04-17 03:30:50.998100;ff:ff:ff:ff:ff:ff;7c:8b:ca:ec:a0:18;TP-LINK TECHNOLOGIES CO.,LTD.;0;-88;264;3727;2452;;;[0, 1, 50, 45, 70, 127];[];0.0
2023-04-17 03:30:51.001940;ff:ff:ff:ff:ff:ff;7c:8b:ca:ec:a0:18;TP-LINK TECHNOLOGIES CO.,LTD.;0;-87;265;3730;2452;;;[0, 1, 50, 45, 70, 127];[];0.0
2023-04-17 03:30:51.009514;ff:ff:ff:ff:ff:ff;7c:8b:ca:ec:a0:18;TP-LINK TECHNOLOGIES CO.,LTD.;0;-88;266;3731;2452;;;[0, 1, 50, 45, 70, 127];[];0.0
2023-04-17 03:30:51.010518;ff:ff:ff:ff:ff:ff;7c:8b:ca:ec:a0:18;TP-LINK TECHNOLOGIES CO.,LTD.;0;-88;267;3732;2452;;;[0, 1, 50, 45, 70, 127];[];0.0
2023-04-17 03:30:51.012525;ff:ff:ff:ff:ff:ff;7c:8b:ca:ec:a0:18;TP-LINK TECHNOLOGIES CO.,LTD.;0;-87;268;3733;2452;;;[0, 1, 50, 45, 70, 127];[];0.0
2023-04-17 03:30:51.017041;ff:ff:ff:ff:ff:ff;7c:8b:ca:ec:a0:18;TP-LINK TECHNOLOGIES CO.,LTD.;0;-87;269;3736;2452;;;[0, 1, 50, 45, 70, 127];[];0.0
2023-04-17 03:30:51.018008;ff:ff:ff:ff:ff:ff;7c:8b:ca:ec:a0:18;TP-LINK TECHNOLOGIES CO.,LTD.;0;-87;270;3737;2452;;;[0, 1, 50, 45, 70, 127];[];0.0
2023-04-17 03:30:51.031292;ff:ff:ff:ff:ff:ff;7c:8b:ca:ec:a0:18;TP-LINK TECHNOLOGIES CO.,LTD.;0;-89;271;3743;2457;;;[0, 1, 50, 45, 70, 127];[];0.0
2023-04-17 03:30:51.037726;ff:ff:ff:ff:ff:ff;7c:8b:ca:ec:a0:18;TP-LINK TECHNOLOGIES CO.,LTD.;0;-90;272;3744;2457;;;[0, 1, 50, 45, 70, 127];[];0.0
2023-04-17 03:30:51.042439;ff:ff:ff:ff:ff:ff;7c:8b:ca:ec:a0:18;TP-LINK TECHNOLOGIES CO.,LTD.;0;-89;273;3747;2457;;;[0, 1, 50, 45, 70, 127];[];0.0
2023-04-17 03:30:51.049833;ff:ff:ff:ff:ff:ff;7c:8b:ca:ec:a0:18;TP-LINK TECHNOLOGIES CO.,LTD.;0;-90;274;3748;2457;;;[0, 1, 50, 45, 70, 127];[];0.0
2023-04-17 03:30:51.051683;ff:ff:ff:ff:ff:ff;7c:8b:ca:ec:a0:18;TP-LINK TECHNOLOGIES CO.,LTD.;0;-92;275;3749;2457;;;[0, 1, 50, 45, 70, 127];[];0.0
2023-04-17 03:30:51.052651;ff:ff:ff:ff:ff:ff;7c:8b:ca:ec:a0:18;TP-LINK TECHNOLOGIES CO.,LTD.;0;-92;276;3750;2457;;;[0, 1, 50, 45, 70, 127];[];0.0
2023-04-17 03:30:51.057850;ff:ff:ff:ff:ff:ff;7c:8b:ca:ec:a0:18;TP-LINK TECHNOLOGIES CO.,LTD.;0;-90;277;3751;2457;;;[0, 1, 50, 45, 70, 127];[];0.0
2023-04-17 03:30:51.062564;ff:ff:ff:ff:ff:ff;7c:8b:ca:ec:a0:18;TP-LINK TECHNOLOGIES CO.,LTD.;0;-90;278;3754;2457;;;[0, 1, 50, 45, 70, 127];[];0.0
2023-04-17 03:30:51.063499;ff:ff:ff:ff:ff:ff;7c:8b:ca:ec:a0:18;TP-LINK TECHNOLOGIES CO.,LTD.;0;-91;279;3755;2457;;;[0, 1, 50, 45, 70, 127];[];0.0
2023-04-17 03:30:51.069939;ff:ff:ff:ff:ff:ff;7c:8b:ca:ec:a0:18;TP-LINK TECHNOLOGIES CO.,LTD.;0;-89;280;3756;2457;;;[0, 1, 50, 45, 70, 127];[];0.0
2023-04-17 03:30:51.070898;ff:ff:ff:ff:ff:ff;7c:8b:ca:ec:a0:18;TP-LINK TECHNOLOGIES CO.,LTD.;0;-90;281;3757;2457;;;[0, 1, 50, 45, 70, 127];[];0.0
2023-04-17 03:31:51.425957;ff:ff:ff:ff:ff:ff;7c:8b:ca:ec:a0:18;TP-LINK TECHNOLOGIES CO.,LTD.;0;-88;282;3776;2442;;;[0, 1, 50, 45, 70, 127];[];0.0
2023-04-17 03:51:51.140313;ff:ff:ff:ff:ff:ff;7c:8b:ca:ec:a0:18;TP-LINK TECHNOLOGIES CO.,LTD.;0;-93;283;3997;2462;;;[0, 1, 50, 45, 70, 127];[];0.0
2023-04-17 03:51:51.141237;ff:ff:ff:ff:ff:ff;7c:8b:ca:ec:a0:18;TP-LINK TECHNOLOGIES CO.,LTD.;0;-92;284;3998;2462;;;[0, 1, 50, 45, 70, 127];[];0.0
2023-04-17 03:51:51.144002;ff:ff:ff:ff:ff:ff;7c:8b:ca:ec:a0:18;TP-LINK TECHNOLOGIES CO.,LTD.;0;-93;285;4000;2462;;;[0, 1, 50, 45, 70, 127];[];0.0
2023-04-17 03:51:51.168225;ff:ff:ff:ff:ff:ff;7c:8b:ca:ec:a0:18;TP-LINK TECHNOLOGIES CO.,LTD.;0;-94;286;4013;2462;;;[0, 1, 50, 45, 70, 127];[];0.0
2023-04-17 03:51:51.516393;ff:ff:ff:ff:ff:ff;7c:8b:ca:ec:a0:18;TP-LINK TECHNOLOGIES CO.,LTD.;0;-88;287;4015;2442;;;[0, 1, 50, 45, 70, 127];[];0.0
2023-04-17 04:01:39.493362;ff:ff:ff:ff:ff:ff;dc:a6:32:eb:59:4d;Raspberry Pi Trading Ltd;0;-83;288;2788;2417;;;[0, 1, 50, 3, 45, 127, 221, 221];[20722, 4120];0.0
2023-04-17 04:01:39.514564;ff:ff:ff:ff:ff:ff;dc:a6:32:eb:59:4d;Raspberry Pi Trading Ltd;0;-83;289;2789;2417;;;[0, 1, 50, 3, 45, 127, 221, 221];[20722, 4120];0.0
2023-04-17 04:01:39.534966;ff:ff:ff:ff:ff:ff;dc:a6:32:eb:59:4d;Raspberry Pi Trading Ltd;0;-83;290;2790;2422;;;[0, 1, 50, 3, 45, 127, 221, 221];[20722, 4120];0.0
2023-04-17 04:01:39.554144;ff:ff:ff:ff:ff:ff;dc:a6:32:eb:59:4d;Raspberry Pi Trading Ltd;0;-83;291;2791;2422;;;[0, 1, 50, 3, 45, 127, 221, 221];[20722, 4120];0.0
2023-04-17 04:01:39.576029;ff:ff:ff:ff:ff:ff;dc:a6:32:eb:59:4d;Raspberry Pi Trading Ltd;0;-82;292;2792;2427;;;[0, 1, 50, 3, 45, 127, 221, 221];[20722, 4120];0.0
2023-04-17 04:01:39.596419;ff:ff:ff:ff:ff:ff;dc:a6:32:eb:59:4d;Raspberry Pi Trading Ltd;0;-83;293;2793;2427;;;[0, 1, 50, 3, 45, 127, 221, 221];[20722, 4120];0.0
2023-04-17 04:01:39.638612;ff:ff:ff:ff:ff:ff;dc:a6:32:eb:59:4d;Raspberry Pi Trading Ltd;0;-87;294;2795;2432;;;[0, 1, 50, 3, 45, 127, 221, 221];[20722, 4120];0.0
2023-04-17 04:01:39.723369;ff:ff:ff:ff:ff:ff;dc:a6:32:eb:59:4d;Raspberry Pi Trading Ltd;0;-84;295;2799;2442;;;[0, 1, 50, 3, 45, 127, 221, 221];[20722, 4120];0.0
2023-04-17 04:03:40.960690;ff:ff:ff:ff:ff:ff;dc:a6:32:eb:59:4d;Raspberry Pi Trading Ltd;0;-91;296;2849;2462;;;[0, 1, 50, 3, 45, 127, 221, 221];[20722, 4120];0.0
2023-04-17 04:05:41.561744;ff:ff:ff:ff:ff:ff;dc:a6:32:eb:59:4d;Raspberry Pi Trading Ltd;0;-82;297;2875;2422;;;[0, 1, 50, 3, 45, 127, 221, 221];[20722, 4120];0.0
2023-04-17 04:05:41.603911;ff:ff:ff:ff:ff:ff;dc:a6:32:eb:59:4d;Raspberry Pi Trading Ltd;0;-83;298;2877;2427;;;[0, 1, 50, 3, 45, 127, 221, 221];[20722, 4120];0.0
2023-04-17 04:05:41.646453;ff:ff:ff:ff:ff:ff;dc:a6:32:eb:59:4d;Raspberry Pi Trading Ltd;0;-85;299;2879;2432;;;[0, 1, 50, 3, 45, 127, 221, 221];[20722, 4120];0.0
2023-04-17 04:05:41.666496;ff:ff:ff:ff:ff:ff;dc:a6:32:eb:59:4d;Raspberry Pi Trading Ltd;0;-86;300;2880;2432;;;[0, 1, 50, 3, 45, 127, 221, 221];[20722, 4120];0.0
2023-04-17 04:05:41.690542;ff:ff:ff:ff:ff:ff;dc:a6:32:eb:59:4d;Raspberry Pi Trading Ltd;0;-91;301;2881;2437;;;[0, 1, 50, 3, 45, 127, 221, 221];[20722, 4120];0.0
2023-04-17 04:05:41.710394;ff:ff:ff:ff:ff:ff;dc:a6:32:eb:59:4d;Raspberry Pi Trading Ltd;0;-91;302;2882;2437;;;[0, 1, 50, 3, 45, 127, 221, 221];[20722, 4120];0.0
2023-04-17 04:05:41.732416;ff:ff:ff:ff:ff:ff;dc:a6:32:eb:59:4d;Raspberry Pi Trading Ltd;0;-88;303;2883;2442;;;[0, 1, 50, 3, 45, 127, 221, 221];[20722, 4120];0.0
2023-04-17 04:05:41.752696;ff:ff:ff:ff:ff:ff;dc:a6:32:eb:59:4d;Raspberry Pi Trading Ltd;0;-89;304;2884;2442;;;[0, 1, 50, 3, 45, 127, 221, 221];[20722, 4120];0.0
2023-04-17 04:05:41.774575;ff:ff:ff:ff:ff:ff;dc:a6:32:eb:59:4d;Raspberry Pi Trading Ltd;0;-87;305;2885;2447;;;[0, 1, 50, 3, 45, 127, 221, 221];[20722, 4120];0.0
2023-04-17 04:05:41.794267;ff:ff:ff:ff:ff:ff;dc:a6:32:eb:59:4d;Raspberry Pi Trading Ltd;0;-88;306;2886;2447;;;[0, 1, 50, 3, 45, 127, 221, 221];[20722, 4120];0.0
2023-04-17 04:05:41.835403;ff:ff:ff:ff:ff:ff;dc:a6:32:eb:59:4d;Raspberry Pi Trading Ltd;0;-86;307;2888;2452;;;[0, 1, 50, 3, 45, 127, 221, 221];[20722, 4120];0.0
2023-04-17 04:05:41.877437;ff:ff:ff:ff:ff:ff;dc:a6:32:eb:59:4d;Raspberry Pi Trading Ltd;0;-89;308;2890;2457;;;[0, 1, 50, 3, 45, 127, 221, 221];[20722, 4120];0.0
2023-04-17 04:07:42.668394;ff:ff:ff:ff:ff:ff;dc:a6:32:eb:59:4d;Raspberry Pi Trading Ltd;0;-80;309;2920;2432;;;[0, 1, 50, 3, 45, 127, 221, 221];[20722, 4120];0.0
2023-04-17 04:07:42.817061;ff:ff:ff:ff:ff:ff;dc:a6:32:eb:59:4d;Raspberry Pi Trading Ltd;0;-88;310;2927;2447;;;[0, 1, 50, 3, 45, 127, 221, 221];[20722, 4120];0.0
2023-04-17 04:07:42.859688;ff:ff:ff:ff:ff:ff;dc:a6:32:eb:59:4d;Raspberry Pi Trading Ltd;0;-85;311;2929;2452;;;[0, 1, 50, 3, 45, 127, 221, 221];[20722, 4120];0.0
2023-04-17 04:07:42.901743;ff:ff:ff:ff:ff:ff;dc:a6:32:eb:59:4d;Raspberry Pi Trading Ltd;0;-89;312;2931;2457;;;[0, 1, 50, 3, 45, 127, 221, 221];[20722, 4120];0.0
2023-04-17 04:11:44.515062;ff:ff:ff:ff:ff:ff;dc:a6:32:eb:59:4d;Raspberry Pi Trading Ltd;0;-82;313;3000;2417;;;[0, 1, 50, 3, 45, 127, 221, 221];[20722, 4120];0.0
2023-04-17 04:11:44.557940;ff:ff:ff:ff:ff:ff;dc:a6:32:eb:59:4d;Raspberry Pi Trading Ltd;0;-83;314;3002;2422;;;[0, 1, 50, 3, 45, 127, 221, 221];[20722, 4120];0.0
2023-04-17 04:11:44.599815;ff:ff:ff:ff:ff:ff;dc:a6:32:eb:59:4d;Raspberry Pi Trading Ltd;0;-84;315;3004;2427;;;[0, 1, 50, 3, 45, 127, 221, 221];[20722, 4120];0.0
2023-04-17 04:11:44.641993;ff:ff:ff:ff:ff:ff;dc:a6:32:eb:59:4d;Raspberry Pi Trading Ltd;0;-87;316;3006;2432;;;[0, 1, 50, 3, 45, 127, 221, 221];[20722, 4120];0.0
2023-04-17 04:11:44.667400;ff:ff:ff:ff:ff:ff;dc:a6:32:eb:59:4d;Raspberry Pi Trading Ltd;0;-85;317;3007;2432;;;[0, 1, 50, 3, 45, 127, 221, 221];[20722, 4120];0.0
2023-04-17 04:11:44.704417;ff:ff:ff:ff:ff:ff;dc:a6:32:eb:59:4d;Raspberry Pi Trading Ltd;0;-90;318;3009;2437;;;[0, 1, 50, 3, 45, 127, 221, 221];[20722, 4120];0.0
2023-04-17 04:11:44.726286;ff:ff:ff:ff:ff:ff;dc:a6:32:eb:59:4d;Raspberry Pi Trading Ltd;0;-87;319;3010;2442;;;[0, 1, 50, 3, 45, 127, 221, 221];[20722, 4120];0.0
2023-04-17 04:11:44.746501;ff:ff:ff:ff:ff:ff;dc:a6:32:eb:59:4d;Raspberry Pi Trading Ltd;0;-89;320;3011;2442;;;[0, 1, 50, 3, 45, 127, 221, 221];[20722, 4120];0.0
2023-04-17 04:11:44.788592;ff:ff:ff:ff:ff:ff;dc:a6:32:eb:59:4d;Raspberry Pi Trading Ltd;0;-88;321;3013;2447;;;[0, 1, 50, 3, 45, 127, 221, 221];[20722, 4120];0.0
2023-04-17 04:11:44.831032;ff:ff:ff:ff:ff:ff;dc:a6:32:eb:59:4d;Raspberry Pi Trading Ltd;0;-86;322;3015;2452;;;[0, 1, 50, 3, 45, 127, 221, 221];[20722, 4120];0.0
2023-04-17 04:11:44.873167;ff:ff:ff:ff:ff:ff;dc:a6:32:eb:59:4d;Raspberry Pi Trading Ltd;0;-82;323;3017;2457;;;[0, 1, 50, 3, 45, 127, 221, 221];[20722, 4120];0.0
2023-04-17 04:13:45.506812;ff:ff:ff:ff:ff:ff;dc:a6:32:eb:59:4d;Raspberry Pi Trading Ltd;0;-82;324;3043;2417;;;[0, 1, 50, 3, 45, 127, 221, 221];[20722, 4120];0.0
2023-04-17 04:13:45.548760;ff:ff:ff:ff:ff:ff;dc:a6:32:eb:59:4d;Raspberry Pi Trading Ltd;0;-82;325;3045;2422;;;[0, 1, 50, 3, 45, 127, 221, 221];[20722, 4120];0.0
2023-04-17 04:13:45.568427;ff:ff:ff:ff:ff:ff;dc:a6:32:eb:59:4d;Raspberry Pi Trading Ltd;0;-82;326;3046;2422;;;[0, 1, 50, 3, 45, 127, 221, 221];[20722, 4120];0.0
2023-04-17 04:13:45.590303;ff:ff:ff:ff:ff:ff;dc:a6:32:eb:59:4d;Raspberry Pi Trading Ltd;0;-83;327;3047;2427;;;[0, 1, 50, 3, 45, 127, 221, 221];[20722, 4120];0.0
2023-04-17 04:13:45.610721;ff:ff:ff:ff:ff:ff;dc:a6:32:eb:59:4d;Raspberry Pi Trading Ltd;0;-84;328;3048;2427;;;[0, 1, 50, 3, 45, 127, 221, 221];[20722, 4120];0.0
2023-04-17 04:13:45.632558;ff:ff:ff:ff:ff:ff;dc:a6:32:eb:59:4d;Raspberry Pi Trading Ltd;0;-86;329;3049;2432;;;[0, 1, 50, 3, 45, 127, 221, 221];[20722, 4120];0.0
2023-04-17 04:13:45.652768;ff:ff:ff:ff:ff:ff;dc:a6:32:eb:59:4d;Raspberry Pi Trading Ltd;0;-85;330;3050;2432;;;[0, 1, 50, 3, 45, 127, 221, 221];[20722, 4120];0.0
2023-04-17 04:13:45.674573;ff:ff:ff:ff:ff:ff;dc:a6:32:eb:59:4d;Raspberry Pi Trading Ltd;0;-90;331;3051;2437;;;[0, 1, 50, 3, 45, 127, 221, 221];[20722, 4120];0.0
2023-04-17 04:13:45.695161;ff:ff:ff:ff:ff:ff;dc:a6:32:eb:59:4d;Raspberry Pi Trading Ltd;0;-90;332;3052;2437;;;[0, 1, 50, 3, 45, 127, 221, 221];[20722, 4120];0.0
2023-04-17 04:13:45.737486;ff:ff:ff:ff:ff:ff;dc:a6:32:eb:59:4d;Raspberry Pi Trading Ltd;0;-87;333;3054;2442;;;[0, 1, 50, 3, 45, 127, 221, 221];[20722, 4120];0.0
2023-04-17 04:13:45.779483;ff:ff:ff:ff:ff:ff;dc:a6:32:eb:59:4d;Raspberry Pi Trading Ltd;0;-87;334;3056;2447;;;[0, 1, 50, 3, 45, 127, 221, 221];[20722, 4120];0.0
2023-04-17 04:13:45.821568;ff:ff:ff:ff:ff:ff;dc:a6:32:eb:59:4d;Raspberry Pi Trading Ltd;0;-86;335;3058;2452;;;[0, 1, 50, 3, 45, 127, 221, 221];[20722, 4120];0.0
2023-04-17 04:15:46.668696;ff:ff:ff:ff:ff:ff;dc:a6:32:eb:59:4d;Raspberry Pi Trading Ltd;0;-86;336;3092;2432;;;[0, 1, 50, 3, 45, 127, 221, 221];[20722, 4120];0.0
2023-04-17 04:15:46.710747;ff:ff:ff:ff:ff:ff;dc:a6:32:eb:59:4d;Raspberry Pi Trading Ltd;0;-90;337;3094;2437;;;[0, 1, 50, 3, 45, 127, 221, 221];[20722, 4120];0.0
2023-04-17 04:15:46.752304;ff:ff:ff:ff:ff:ff;dc:a6:32:eb:59:4d;Raspberry Pi Trading Ltd;0;-87;338;3096;2442;;;[0, 1, 50, 3, 45, 127, 221, 221];[20722, 4120];0.0
2023-04-17 04:15:46.794391;ff:ff:ff:ff:ff:ff;dc:a6:32:eb:59:4d;Raspberry Pi Trading Ltd;0;-87;339;3098;2447;;;[0, 1, 50, 3, 45, 127, 221, 221];[20722, 4120];0.0
2023-04-17 04:15:46.814659;ff:ff:ff:ff:ff:ff;dc:a6:32:eb:59:4d;Raspberry Pi Trading Ltd;0;-90;340;3099;2447;;;[0, 1, 50, 3, 45, 127, 221, 221];[20722, 4120];0.0
2023-04-17 04:15:46.836485;ff:ff:ff:ff:ff:ff;dc:a6:32:eb:59:4d;Raspberry Pi Trading Ltd;0;-86;341;3100;2452;;;[0, 1, 50, 3, 45, 127, 221, 221];[20722, 4120];0.0
2023-04-17 04:15:46.856814;ff:ff:ff:ff:ff:ff;dc:a6:32:eb:59:4d;Raspberry Pi Trading Ltd;0;-87;342;3101;2452;;;[0, 1, 50, 3, 45, 127, 221, 221];[20722, 4120];0.0
2023-04-17 04:15:46.878378;ff:ff:ff:ff:ff:ff;dc:a6:32:eb:59:4d;Raspberry Pi Trading Ltd;0;-88;343;3102;2457;;;[0, 1, 50, 3, 45, 127, 221, 221];[20722, 4120];0.0
2023-04-17 04:15:46.898624;ff:ff:ff:ff:ff:ff;dc:a6:32:eb:59:4d;Raspberry Pi Trading Ltd;0;-89;344;3103;2457;;;[0, 1, 50, 3, 45, 127, 221, 221];[20722, 4120];0.0
2023-04-17 04:17:47.986821;ff:ff:ff:ff:ff:ff;dc:a6:32:eb:59:4d;Raspberry Pi Trading Ltd;0;-92;345;3148;2462;;;[0, 1, 50, 3, 45, 127, 221, 221];[20722, 4120];0.0
2023-04-17 04:18:51.070478;ff:ff:ff:ff:ff:ff;7c:8b:ca:ec:a0:18;TP-LINK TECHNOLOGIES CO.,LTD.;0;-89;346;155;2452;;;[0, 1, 50, 45, 70, 127];[];0.0
2023-04-17 04:18:51.071585;ff:ff:ff:ff:ff:ff;7c:8b:ca:ec:a0:18;TP-LINK TECHNOLOGIES CO.,LTD.;0;-89;347;156;2452;;;[0, 1, 50, 45, 70, 127];[];0.0
2023-04-17 04:18:51.208402;ff:ff:ff:ff:ff:ff;7c:8b:ca:ec:a0:18;TP-LINK TECHNOLOGIES CO.,LTD.;0;-94;348;165;2462;;;[0, 1, 50, 45, 70, 127];[];0.0
2023-04-17 04:18:51.218266;ff:ff:ff:ff:ff:ff;7c:8b:ca:ec:a0:18;TP-LINK TECHNOLOGIES CO.,LTD.;0;-92;349;169;2462;;;[0, 1, 50, 45, 70, 127];[];0.0
2023-04-17 04:18:51.234149;ff:ff:ff:ff:ff:ff;7c:8b:ca:ec:a0:18;TP-LINK TECHNOLOGIES CO.,LTD.;0;-93;350;177;2462;;;[0, 1, 50, 45, 70, 127];[];0.0
2023-04-17 04:18:51.236224;ff:ff:ff:ff:ff:ff;7c:8b:ca:ec:a0:18;TP-LINK TECHNOLOGIES CO.,LTD.;0;-95;351;179;2462;;;[0, 1, 50, 45, 70, 127];[];0.0
2023-04-17 04:18:51.242485;ff:ff:ff:ff:ff:ff;7c:8b:ca:ec:a0:18;TP-LINK TECHNOLOGIES CO.,LTD.;0;-91;352;180;2462;;;[0, 1, 50, 45, 70, 127];[];0.0
2023-04-17 04:18:51.250774;ff:ff:ff:ff:ff:ff;7c:8b:ca:ec:a0:18;TP-LINK TECHNOLOGIES CO.,LTD.;0;-91;353;182;2462;;;[0, 1, 50, 45, 70, 127];[];0.0
2023-04-17 04:18:51.555950;ff:ff:ff:ff:ff:ff;7c:8b:ca:ec:a0:18;TP-LINK TECHNOLOGIES CO.,LTD.;0;-87;354;190;2442;;;[0, 1, 50, 45, 70, 127];[];0.0
2023-04-17 04:19:48.984882;ff:ff:ff:ff:ff:ff;dc:a6:32:eb:59:4d;Raspberry Pi Trading Ltd;0;-93;355;3190;2462;;;[0, 1, 50, 3, 45, 127, 221, 221];[20722, 4120];0.0
2023-04-17 04:19:51.197948;ff:ff:ff:ff:ff:ff;7c:8b:ca:ec:a0:18;TP-LINK TECHNOLOGIES CO.,LTD.;0;-91;356;191;2462;;;[0, 1, 50, 45, 70, 127];[];0.0
2023-04-17 04:19:51.206210;ff:ff:ff:ff:ff:ff;7c:8b:ca:ec:a0:18;TP-LINK TECHNOLOGIES CO.,LTD.;0;-94;357;197;2462;;;[0, 1, 50, 45, 70, 127];[];0.0
2023-04-17 04:19:51.214770;ff:ff:ff:ff:ff:ff;7c:8b:ca:ec:a0:18;TP-LINK TECHNOLOGIES CO.,LTD.;0;-93;358;200;2462;;;[0, 1, 50, 45, 70, 127];[];0.0
2023-04-17 04:21:49.568745;ff:ff:ff:ff:ff:ff;dc:a6:32:eb:59:4d;Raspberry Pi Trading Ltd;0;-83;359;3216;2422;;;[0, 1, 50, 3, 45, 127, 221, 221];[20722, 4120];0.0
2023-04-17 04:21:49.610144;ff:ff:ff:ff:ff:ff;dc:a6:32:eb:59:4d;Raspberry Pi Trading Ltd;0;-83;360;3218;2427;;;[0, 1, 50, 3, 45, 127, 221, 221];[20722, 4120];0.0
2023-04-17 04:21:49.650121;ff:ff:ff:ff:ff:ff;dc:a6:32:eb:59:4d;Raspberry Pi Trading Ltd;0;-86;361;3220;2432;;;[0, 1, 50, 3, 45, 127, 221, 221];[20722, 4120];0.0
2023-04-17 04:21:49.712496;ff:ff:ff:ff:ff:ff;dc:a6:32:eb:59:4d;Raspberry Pi Trading Ltd;0;-91;362;3223;2437;;;[0, 1, 50, 3, 45, 127, 221, 221];[20722, 4120];0.0
2023-04-17 04:21:49.733370;ff:ff:ff:ff:ff:ff;dc:a6:32:eb:59:4d;Raspberry Pi Trading Ltd;0;-88;363;3224;2442;;;[0, 1, 50, 3, 45, 127, 221, 221];[20722, 4120];0.0
2023-04-17 04:21:49.753403;ff:ff:ff:ff:ff:ff;dc:a6:32:eb:59:4d;Raspberry Pi Trading Ltd;0;-88;364;3225;2442;;;[0, 1, 50, 3, 45, 127, 221, 221];[20722, 4120];0.0
2023-04-17 04:21:49.775358;ff:ff:ff:ff:ff:ff;dc:a6:32:eb:59:4d;Raspberry Pi Trading Ltd;0;-88;365;3226;2447;;;[0, 1, 50, 3, 45, 127, 221, 221];[20722, 4120];0.0
2023-04-17 04:21:49.795550;ff:ff:ff:ff:ff:ff;dc:a6:32:eb:59:4d;Raspberry Pi Trading Ltd;0;-88;366;3227;2447;;;[0, 1, 50, 3, 45, 127, 221, 221];[20722, 4120];0.0
2023-04-17 04:21:49.837768;ff:ff:ff:ff:ff:ff;dc:a6:32:eb:59:4d;Raspberry Pi Trading Ltd;0;-86;367;3229;2452;;;[0, 1, 50, 3, 45, 127, 221, 221];[20722, 4120];0.0
2023-04-17 04:21:49.879831;ff:ff:ff:ff:ff:ff;dc:a6:32:eb:59:4d;Raspberry Pi Trading Ltd;0;-89;368;3231;2457;;;[0, 1, 50, 3, 45, 127, 221, 221];[20722, 4120];0.0
2023-04-17 04:23:50.561900;ff:ff:ff:ff:ff:ff;dc:a6:32:eb:59:4d;Raspberry Pi Trading Ltd;0;-82;369;3258;2422;;;[0, 1, 50, 3, 45, 127, 221, 221];[20722, 4120];0.0
2023-04-17 04:23:50.607411;ff:ff:ff:ff:ff:ff;dc:a6:32:eb:59:4d;Raspberry Pi Trading Ltd;0;-84;370;3260;2427;;;[0, 1, 50, 3, 45, 127, 221, 221];[20722, 4120];0.0
2023-04-17 04:23:50.645445;ff:ff:ff:ff:ff:ff;dc:a6:32:eb:59:4d;Raspberry Pi Trading Ltd;0;-85;371;3262;2432;;;[0, 1, 50, 3, 45, 127, 221, 221];[20722, 4120];0.0
2023-04-17 04:23:50.665711;ff:ff:ff:ff:ff:ff;dc:a6:32:eb:59:4d;Raspberry Pi Trading Ltd;0;-85;372;3263;2432;;;[0, 1, 50, 3, 45, 127, 221, 221];[20722, 4120];0.0
2023-04-17 04:23:50.687528;ff:ff:ff:ff:ff:ff;dc:a6:32:eb:59:4d;Raspberry Pi Trading Ltd;0;-90;373;3264;2437;;;[0, 1, 50, 3, 45, 127, 221, 221];[20722, 4120];0.0
2023-04-17 04:23:50.709816;ff:ff:ff:ff:ff:ff;dc:a6:32:eb:59:4d;Raspberry Pi Trading Ltd;0;-90;374;3265;2437;;;[0, 1, 50, 3, 45, 127, 221, 221];[20722, 4120];0.0
2023-04-17 04:23:50.731570;ff:ff:ff:ff:ff:ff;dc:a6:32:eb:59:4d;Raspberry Pi Trading Ltd;0;-87;375;3266;2442;;;[0, 1, 50, 3, 45, 127, 221, 221];[20722, 4120];0.0
2023-04-17 04:23:50.749563;ff:ff:ff:ff:ff:ff;dc:a6:32:eb:59:4d;Raspberry Pi Trading Ltd;0;-88;376;3267;2442;;;[0, 1, 50, 3, 45, 127, 221, 221];[20722, 4120];0.0
2023-04-17 04:23:50.771380;ff:ff:ff:ff:ff:ff;dc:a6:32:eb:59:4d;Raspberry Pi Trading Ltd;0;-87;377;3268;2447;;;[0, 1, 50, 3, 45, 127, 221, 221];[20722, 4120];0.0
2023-04-17 04:23:50.791683;ff:ff:ff:ff:ff:ff;dc:a6:32:eb:59:4d;Raspberry Pi Trading Ltd;0;-88;378;3269;2447;;;[0, 1, 50, 3, 45, 127, 221, 221];[20722, 4120];0.0
2023-04-17 04:23:50.834059;ff:ff:ff:ff:ff:ff;dc:a6:32:eb:59:4d;Raspberry Pi Trading Ltd;0;-81;379;3271;2452;;;[0, 1, 50, 3, 45, 127, 221, 221];[20722, 4120];0.0
2023-04-17 04:23:50.876119;ff:ff:ff:ff:ff:ff;dc:a6:32:eb:59:4d;Raspberry Pi Trading Ltd;0;-87;380;3273;2457;;;[0, 1, 50, 3, 45, 127, 221, 221];[20722, 4120];0.0
2023-04-17 04:25:51.815646;ff:ff:ff:ff:ff:ff;dc:a6:32:eb:59:4d;Raspberry Pi Trading Ltd;0;-90;381;3310;2447;;;[0, 1, 50, 3, 45, 127, 221, 221];[20722, 4120];0.0
2023-04-17 04:25:51.857719;ff:ff:ff:ff:ff:ff;dc:a6:32:eb:59:4d;Raspberry Pi Trading Ltd;0;-87;382;3312;2452;;;[0, 1, 50, 3, 45, 127, 221, 221];[20722, 4120];0.0
2023-04-17 04:25:51.899803;ff:ff:ff:ff:ff:ff;dc:a6:32:eb:59:4d;Raspberry Pi Trading Ltd;0;-89;383;3314;2457;;;[0, 1, 50, 3, 45, 127, 221, 221];[20722, 4120];0.0
2023-04-17 04:27:52.589507;ff:ff:ff:ff:ff:ff;dc:a6:32:eb:59:4d;Raspberry Pi Trading Ltd;0;-78;384;3344;2427;;;[0, 1, 50, 3, 45, 127, 221, 221];[20722, 4120];0.0
2023-04-17 04:27:52.611567;ff:ff:ff:ff:ff:ff;dc:a6:32:eb:59:4d;Raspberry Pi Trading Ltd;0;-83;385;3345;2427;;;[0, 1, 50, 3, 45, 127, 221, 221];[20722, 4120];0.0
2023-04-17 04:27:52.654361;ff:ff:ff:ff:ff:ff;dc:a6:32:eb:59:4d;Raspberry Pi Trading Ltd;0;-86;386;3347;2432;;;[0, 1, 50, 3, 45, 127, 221, 221];[20722, 4120];0.0
2023-04-17 04:27:52.696124;ff:ff:ff:ff:ff:ff;dc:a6:32:eb:59:4d;Raspberry Pi Trading Ltd;0;-91;387;3349;2437;;;[0, 1, 50, 3, 45, 127, 221, 221];[20722, 4120];0.0
2023-04-17 04:27:52.716871;ff:ff:ff:ff:ff:ff;dc:a6:32:eb:59:4d;Raspberry Pi Trading Ltd;0;-88;388;3350;2437;;;[0, 1, 50, 3, 45, 127, 221, 221];[20722, 4120];0.0
2023-04-17 04:27:52.739150;ff:ff:ff:ff:ff:ff;dc:a6:32:eb:59:4d;Raspberry Pi Trading Ltd;0;-89;389;3351;2442;;;[0, 1, 50, 3, 45, 127, 221, 221];[20722, 4120];0.0
2023-04-17 04:27:52.759955;ff:ff:ff:ff:ff:ff;dc:a6:32:eb:59:4d;Raspberry Pi Trading Ltd;0;-88;390;3352;2442;;;[0, 1, 50, 3, 45, 127, 221, 221];[20722, 4120];0.0
2023-04-17 04:27:52.782449;ff:ff:ff:ff:ff:ff;dc:a6:32:eb:59:4d;Raspberry Pi Trading Ltd;0;-89;391;3353;2447;;;[0, 1, 50, 3, 45, 127, 221, 221];[20722, 4120];0.0
2023-04-17 04:27:52.802716;ff:ff:ff:ff:ff:ff;dc:a6:32:eb:59:4d;Raspberry Pi Trading Ltd;0;-87;392;3354;2447;;;[0, 1, 50, 3, 45, 127, 221, 221];[20722, 4120];0.0
2023-04-17 04:27:52.824683;ff:ff:ff:ff:ff:ff;dc:a6:32:eb:59:4d;Raspberry Pi Trading Ltd;0;-85;393;3355;2452;;;[0, 1, 50, 3, 45, 127, 221, 221];[20722, 4120];0.0
2023-04-17 04:27:52.844926;ff:ff:ff:ff:ff:ff;dc:a6:32:eb:59:4d;Raspberry Pi Trading Ltd;0;-82;394;3356;2452;;;[0, 1, 50, 3, 45, 127, 221, 221];[20722, 4120];0.0
2023-04-17 04:27:52.887012;ff:ff:ff:ff:ff:ff;dc:a6:32:eb:59:4d;Raspberry Pi Trading Ltd;0;-87;395;3358;2457;;;[0, 1, 50, 3, 45, 127, 221, 221];[20722, 4120];0.0
2023-04-17 04:29:53.692930;ff:ff:ff:ff:ff:ff;dc:a6:32:eb:59:4d;Raspberry Pi Trading Ltd;0;-81;396;3391;2437;;;[0, 1, 50, 3, 45, 127, 221, 221];[20722, 4120];0.0
2023-04-17 04:29:53.714760;ff:ff:ff:ff:ff:ff;dc:a6:32:eb:59:4d;Raspberry Pi Trading Ltd;0;-92;397;3392;2437;;;[0, 1, 50, 3, 45, 127, 221, 221];[20722, 4120];0.0
2023-04-17 04:29:53.756814;ff:ff:ff:ff:ff:ff;dc:a6:32:eb:59:4d;Raspberry Pi Trading Ltd;0;-87;398;3394;2442;;;[0, 1, 50, 3, 45, 127, 221, 221];[20722, 4120];0.0
2023-04-17 04:29:53.798812;ff:ff:ff:ff:ff:ff;dc:a6:32:eb:59:4d;Raspberry Pi Trading Ltd;0;-87;399;3396;2447;;;[0, 1, 50, 3, 45, 127, 221, 221];[20722, 4120];0.0
2023-04-17 04:29:53.841138;ff:ff:ff:ff:ff:ff;dc:a6:32:eb:59:4d;Raspberry Pi Trading Ltd;0;-86;400;3398;2452;;;[0, 1, 50, 3, 45, 127, 221, 221];[20722, 4120];0.0
2023-04-17 04:29:53.861432;ff:ff:ff:ff:ff:ff;dc:a6:32:eb:59:4d;Raspberry Pi Trading Ltd;0;-86;401;3399;2452;;;[0, 1, 50, 3, 45, 127, 221, 221];[20722, 4120];0.0
2023-04-17 04:29:53.883245;ff:ff:ff:ff:ff:ff;dc:a6:32:eb:59:4d;Raspberry Pi Trading Ltd;0;-88;402;3400;2457;;;[0, 1, 50, 3, 45, 127, 221, 221];[20722, 4120];0.0
2023-04-17 04:29:53.903483;ff:ff:ff:ff:ff:ff;dc:a6:32:eb:59:4d;Raspberry Pi Trading Ltd;0;-87;403;3401;2457;;;[0, 1, 50, 3, 45, 127, 221, 221];[20722, 4120];0.0
2023-04-17 04:29:53.925356;ff:ff:ff:ff:ff:ff;dc:a6:32:eb:59:4d;Raspberry Pi Trading Ltd;0;-93;404;3402;2462;;;[0, 1, 50, 3, 45, 127, 221, 221];[20722, 4120];0.0
2023-04-17 04:29:53.945574;ff:ff:ff:ff:ff:ff;dc:a6:32:eb:59:4d;Raspberry Pi Trading Ltd;0;-95;405;3403;2462;;;[0, 1, 50, 3, 45, 127, 221, 221];[20722, 4120];0.0
2023-04-17 04:33:51.100540;ff:ff:ff:ff:ff:ff;7c:8b:ca:ec:a0:18;TP-LINK TECHNOLOGIES CO.,LTD.;0;-86;406;393;2452;;;[0, 1, 50, 45, 70, 127];[];0.0
2023-04-17 04:33:51.101447;ff:ff:ff:ff:ff:ff;7c:8b:ca:ec:a0:18;TP-LINK TECHNOLOGIES CO.,LTD.;0;-87;407;394;2452;;;[0, 1, 50, 45, 70, 127];[];0.0
2023-04-17 04:33:51.102407;ff:ff:ff:ff:ff:ff;7c:8b:ca:ec:a0:18;TP-LINK TECHNOLOGIES CO.,LTD.;0;-88;408;395;2452;;;[0, 1, 50, 45, 70, 127];[];0.0
2023-04-17 04:33:51.104236;ff:ff:ff:ff:ff:ff;7c:8b:ca:ec:a0:18;TP-LINK TECHNOLOGIES CO.,LTD.;0;-87;409;396;2452;;;[0, 1, 50, 45, 70, 127];[];0.0
2023-04-17 04:33:51.105196;ff:ff:ff:ff:ff:ff;7c:8b:ca:ec:a0:18;TP-LINK TECHNOLOGIES CO.,LTD.;0;-89;410;397;2452;;;[0, 1, 50, 45, 70, 127];[];0.0
2023-04-17 04:33:51.109170;ff:ff:ff:ff:ff:ff;7c:8b:ca:ec:a0:18;TP-LINK TECHNOLOGIES CO.,LTD.;0;-89;411;400;2452;;;[0, 1, 50, 45, 70, 127];[];0.0
2023-04-17 04:33:51.119907;ff:ff:ff:ff:ff:ff;7c:8b:ca:ec:a0:18;TP-LINK TECHNOLOGIES CO.,LTD.;0;-85;412;401;2452;;;[0, 1, 50, 45, 70, 127];[];0.0
2023-04-17 04:33:51.121564;ff:ff:ff:ff:ff:ff;7c:8b:ca:ec:a0:18;TP-LINK TECHNOLOGIES CO.,LTD.;0;-88;413;402;2452;;;[0, 1, 50, 45, 70, 127];[];0.0
2023-04-17 04:33:51.122514;ff:ff:ff:ff:ff:ff;7c:8b:ca:ec:a0:18;TP-LINK TECHNOLOGIES CO.,LTD.;0;-87;414;403;2452;;;[0, 1, 50, 45, 70, 127];[];0.0
2023-04-17 04:33:51.127057;ff:ff:ff:ff:ff:ff;7c:8b:ca:ec:a0:18;TP-LINK TECHNOLOGIES CO.,LTD.;0;-88;415;406;2452;;;[0, 1, 50, 45, 70, 127];[];0.0
2023-04-17 04:33:51.128134;ff:ff:ff:ff:ff:ff;7c:8b:ca:ec:a0:18;TP-LINK TECHNOLOGIES CO.,LTD.;0;-88;416;407;2452;;;[0, 1, 50, 45, 70, 127];[];0.0
2023-04-17 04:33:51.129329;ff:ff:ff:ff:ff:ff;7c:8b:ca:ec:a0:18;TP-LINK TECHNOLOGIES CO.,LTD.;0;-89;417;408;2452;;;[0, 1, 50, 45, 70, 127];[];0.0
2023-04-17 04:33:51.135576;ff:ff:ff:ff:ff:ff;7c:8b:ca:ec:a0:18;TP-LINK TECHNOLOGIES CO.,LTD.;0;-89;418;409;2452;;;[0, 1, 50, 45, 70, 127];[];0.0
2023-04-17 04:33:51.143867;ff:ff:ff:ff:ff:ff;7c:8b:ca:ec:a0:18;TP-LINK TECHNOLOGIES CO.,LTD.;0;-88;419;410;2452;;;[0, 1, 50, 45, 70, 127];[];0.0
2023-04-17 04:33:51.144811;ff:ff:ff:ff:ff:ff;7c:8b:ca:ec:a0:18;TP-LINK TECHNOLOGIES CO.,LTD.;0;-87;420;411;2452;;;[0, 1, 50, 45, 70, 127];[];0.0
2023-04-17 04:33:51.145780;ff:ff:ff:ff:ff:ff;7c:8b:ca:ec:a0:18;TP-LINK TECHNOLOGIES CO.,LTD.;0;-89;421;412;2452;;;[0, 1, 50, 45, 70, 127];[];0.0
2023-04-17 04:33:51.146730;ff:ff:ff:ff:ff:ff;7c:8b:ca:ec:a0:18;TP-LINK TECHNOLOGIES CO.,LTD.;0;-90;422;413;2452;;;[0, 1, 50, 45, 70, 127];[];0.0
2023-04-17 04:33:51.148560;ff:ff:ff:ff:ff:ff;7c:8b:ca:ec:a0:18;TP-LINK TECHNOLOGIES CO.,LTD.;0;-88;423;414;2452;;;[0, 1, 50, 45, 70, 127];[];0.0
2023-04-17 04:33:51.159748;ff:ff:ff:ff:ff:ff;7c:8b:ca:ec:a0:18;TP-LINK TECHNOLOGIES CO.,LTD.;0;-90;424;421;2457;;;[0, 1, 50, 45, 70, 127];[];0.0
2023-04-17 04:33:51.161060;ff:ff:ff:ff:ff:ff;7c:8b:ca:ec:a0:18;TP-LINK TECHNOLOGIES CO.,LTD.;0;-91;425;422;2457;;;[0, 1, 50, 45, 70, 127];[];0.0
2023-04-17 04:33:51.162019;ff:ff:ff:ff:ff:ff;7c:8b:ca:ec:a0:18;TP-LINK TECHNOLOGIES CO.,LTD.;0;-90;426;423;2457;;;[0, 1, 50, 45, 70, 127];[];0.0
2023-04-17 04:33:51.172061;ff:ff:ff:ff:ff:ff;7c:8b:ca:ec:a0:18;TP-LINK TECHNOLOGIES CO.,LTD.;0;-90;427;424;2457;;;[0, 1, 50, 45, 70, 127];[];0.0
2023-04-17 04:33:51.175861;ff:ff:ff:ff:ff:ff;7c:8b:ca:ec:a0:18;TP-LINK TECHNOLOGIES CO.,LTD.;0;-90;428;427;2457;;;[0, 1, 50, 45, 70, 127];[];0.0
2023-04-17 04:33:51.177687;ff:ff:ff:ff:ff:ff;7c:8b:ca:ec:a0:18;TP-LINK TECHNOLOGIES CO.,LTD.;0;-90;429;428;2457;;;[0, 1, 50, 45, 70, 127];[];0.0
2023-04-17 04:33:51.184133;ff:ff:ff:ff:ff:ff;7c:8b:ca:ec:a0:18;TP-LINK TECHNOLOGIES CO.,LTD.;0;-92;430;429;2457;;;[0, 1, 50, 45, 70, 127];[];0.0
2023-04-17 04:33:51.185276;ff:ff:ff:ff:ff:ff;7c:8b:ca:ec:a0:18;TP-LINK TECHNOLOGIES CO.,LTD.;0;-92;431;430;2457;;;[0, 1, 50, 45, 70, 127];[];0.0
2023-04-17 04:33:51.189793;ff:ff:ff:ff:ff:ff;7c:8b:ca:ec:a0:18;TP-LINK TECHNOLOGIES CO.,LTD.;0;-90;432;433;2457;;;[0, 1, 50, 45, 70, 127];[];0.0
2023-04-17 04:33:51.196248;ff:ff:ff:ff:ff:ff;7c:8b:ca:ec:a0:18;TP-LINK TECHNOLOGIES CO.,LTD.;0;-89;433;434;2457;;;[0, 1, 50, 45, 70, 127];[];0.0
2023-04-17 04:33:51.197361;ff:ff:ff:ff:ff:ff;7c:8b:ca:ec:a0:18;TP-LINK TECHNOLOGIES CO.,LTD.;0;-90;434;435;2457;;;[0, 1, 50, 45, 70, 127];[];0.0
2023-04-17 04:34:51.070729;ff:ff:ff:ff:ff:ff;7c:8b:ca:ec:a0:18;TP-LINK TECHNOLOGIES CO.,LTD.;0;-88;435;455;2452;;;[0, 1, 50, 45, 70, 127];[];0.0
2023-04-17 04:34:51.071675;ff:ff:ff:ff:ff:ff;7c:8b:ca:ec:a0:18;TP-LINK TECHNOLOGIES CO.,LTD.;0;-87;436;456;2452;;;[0, 1, 50, 45, 70, 127];[];0.0
2023-04-17 04:34:51.076336;ff:ff:ff:ff:ff:ff;7c:8b:ca:ec:a0:18;TP-LINK TECHNOLOGIES CO.,LTD.;0;-87;437;459;2452;;;[0, 1, 50, 45, 70, 127];[];0.0
2023-04-17 04:34:51.078014;ff:ff:ff:ff:ff:ff;7c:8b:ca:ec:a0:18;TP-LINK TECHNOLOGIES CO.,LTD.;0;-88;438;460;2452;;;[0, 1, 50, 45, 70, 127];[];0.0
2023-04-17 04:34:51.079107;ff:ff:ff:ff:ff:ff;7c:8b:ca:ec:a0:18;TP-LINK TECHNOLOGIES CO.,LTD.;0;-90;439;461;2452;;;[0, 1, 50, 45, 70, 127];[];0.0
2023-04-17 04:34:51.080300;ff:ff:ff:ff:ff:ff;7c:8b:ca:ec:a0:18;TP-LINK TECHNOLOGIES CO.,LTD.;0;-87;440;462;2452;;;[0, 1, 50, 45, 70, 127];[];0.0
2023-04-17 04:34:51.527022;ff:ff:ff:ff:ff:ff;7c:8b:ca:ec:a0:18;TP-LINK TECHNOLOGIES CO.,LTD.;0;-87;441;480;2442;;;[0, 1, 50, 45, 70, 127];[];0.0
2023-04-17 04:35:55.606656;ff:ff:ff:ff:ff:ff;dc:a6:32:eb:59:4d;Raspberry Pi Trading Ltd;0;-83;442;3513;2417;;;[0, 1, 50, 3, 45, 127, 221, 221];[20722, 4120];0.0
2023-04-17 04:39:57.618605;ff:ff:ff:ff:ff:ff;dc:a6:32:eb:59:4d;Raspberry Pi Trading Ltd;0;-82;443;3596;2417;;;[0, 1, 50, 3, 45, 127, 221, 221];[20722, 4120];0.0
2023-04-17 04:39:57.637435;ff:ff:ff:ff:ff:ff;dc:a6:32:eb:59:4d;Raspberry Pi Trading Ltd;0;-82;444;3597;2417;;;[0, 1, 50, 3, 45, 127, 221, 221];[20722, 4120];0.0
2023-04-17 04:39:57.659343;ff:ff:ff:ff:ff:ff;dc:a6:32:eb:59:4d;Raspberry Pi Trading Ltd;0;-83;445;3598;2422;;;[0, 1, 50, 3, 45, 127, 221, 221];[20722, 4120];0.0
2023-04-17 04:39:57.680006;ff:ff:ff:ff:ff:ff;dc:a6:32:eb:59:4d;Raspberry Pi Trading Ltd;0;-82;446;3599;2422;;;[0, 1, 50, 3, 45, 127, 221, 221];[20722, 4120];0.0
2023-04-17 04:39:57.702619;ff:ff:ff:ff:ff:ff;dc:a6:32:eb:59:4d;Raspberry Pi Trading Ltd;0;-85;447;3600;2427;;;[0, 1, 50, 3, 45, 127, 221, 221];[20722, 4120];0.0
2023-04-17 04:39:57.722535;ff:ff:ff:ff:ff:ff;dc:a6:32:eb:59:4d;Raspberry Pi Trading Ltd;0;-76;448;3601;2427;;;[0, 1, 50, 3, 45, 127, 221, 221];[20722, 4120];0.0
2023-04-17 04:39:57.765742;ff:ff:ff:ff:ff:ff;dc:a6:32:eb:59:4d;Raspberry Pi Trading Ltd;0;-86;449;3603;2432;;;[0, 1, 50, 3, 45, 127, 221, 221];[20722, 4120];0.0
2023-04-17 04:39:57.814688;ff:ff:ff:ff:ff:ff;dc:a6:32:eb:59:4d;Raspberry Pi Trading Ltd;0;-90;450;3605;2437;;;[0, 1, 50, 3, 45, 127, 221, 221];[20722, 4120];0.0
2023-04-17 04:43:58.697624;ff:ff:ff:ff:ff:ff;dc:a6:32:eb:59:4d;Raspberry Pi Trading Ltd;0;-85;451;3687;2432;;;[0, 1, 50, 3, 45, 127, 221, 221];[20722, 4120];0.0
2023-04-17 04:43:58.738706;ff:ff:ff:ff:ff:ff;dc:a6:32:eb:59:4d;Raspberry Pi Trading Ltd;0;-92;452;3689;2437;;;[0, 1, 50, 3, 45, 127, 221, 221];[20722, 4120];0.0
2023-04-17 04:43:58.785623;ff:ff:ff:ff:ff:ff;dc:a6:32:eb:59:4d;Raspberry Pi Trading Ltd;0;-90;453;3691;2442;;;[0, 1, 50, 3, 45, 127, 221, 221];[20722, 4120];0.0
2023-04-17 04:43:58.826147;ff:ff:ff:ff:ff:ff;dc:a6:32:eb:59:4d;Raspberry Pi Trading Ltd;0;-88;454;3693;2447;;;[0, 1, 50, 3, 45, 127, 221, 221];[20722, 4120];0.0
2023-04-17 04:43:58.846414;ff:ff:ff:ff:ff:ff;dc:a6:32:eb:59:4d;Raspberry Pi Trading Ltd;0;-88;455;3694;2447;;;[0, 1, 50, 3, 45, 127, 221, 221];[20722, 4120];0.0
2023-04-17 04:43:58.868288;ff:ff:ff:ff:ff:ff;dc:a6:32:eb:59:4d;Raspberry Pi Trading Ltd;0;-88;456;3695;2452;;;[0, 1, 50, 3, 45, 127, 221, 221];[20722, 4120];0.0
2023-04-17 04:43:58.888510;ff:ff:ff:ff:ff:ff;dc:a6:32:eb:59:4d;Raspberry Pi Trading Ltd;0;-86;457;3696;2452;;;[0, 1, 50, 3, 45, 127, 221, 221];[20722, 4120];0.0
2023-04-17 04:43:58.910323;ff:ff:ff:ff:ff:ff;dc:a6:32:eb:59:4d;Raspberry Pi Trading Ltd;0;-88;458;3697;2457;;;[0, 1, 50, 3, 45, 127, 221, 221];[20722, 4120];0.0
2023-04-17 04:43:58.930590;ff:ff:ff:ff:ff:ff;dc:a6:32:eb:59:4d;Raspberry Pi Trading Ltd;0;-88;459;3698;2457;;;[0, 1, 50, 3, 45, 127, 221, 221];[20722, 4120];0.0
2023-04-17 04:47:59.940255;ff:ff:ff:ff:ff:ff;dc:a6:32:eb:59:4d;Raspberry Pi Trading Ltd;0;-92;460;3785;2462;;;[0, 1, 50, 3, 45, 127, 221, 221];[20722, 4120];0.0
2023-04-17 04:54:51.609158;ff:ff:ff:ff:ff:ff;7c:8b:ca:ec:a0:18;TP-LINK TECHNOLOGIES CO.,LTD.;0;-86;461;642;2442;;;[0, 1, 50, 45, 70, 127];[];0.0
2023-04-17 04:55:51.124838;ff:ff:ff:ff:ff:ff;7c:8b:ca:ec:a0:18;TP-LINK TECHNOLOGIES CO.,LTD.;0;-87;462;643;2452;;;[0, 1, 50, 45, 70, 127];[];0.0
2023-04-17 04:55:51.125753;ff:ff:ff:ff:ff:ff;7c:8b:ca:ec:a0:18;TP-LINK TECHNOLOGIES CO.,LTD.;0;-88;463;644;2452;;;[0, 1, 50, 45, 70, 127];[];0.0
2023-04-17 04:55:51.129600;ff:ff:ff:ff:ff:ff;7c:8b:ca:ec:a0:18;TP-LINK TECHNOLOGIES CO.,LTD.;0;-90;464;647;2452;;;[0, 1, 50, 45, 70, 127];[];0.0
2023-04-17 04:55:51.132117;ff:ff:ff:ff:ff:ff;7c:8b:ca:ec:a0:18;TP-LINK TECHNOLOGIES CO.,LTD.;0;-88;465;648;2452;;;[0, 1, 50, 45, 70, 127];[];0.0
2023-04-17 04:55:51.133267;ff:ff:ff:ff:ff:ff;7c:8b:ca:ec:a0:18;TP-LINK TECHNOLOGIES CO.,LTD.;0;-87;466;649;2452;;;[0, 1, 50, 45, 70, 127];[];0.0
2023-04-17 04:55:51.134390;ff:ff:ff:ff:ff:ff;7c:8b:ca:ec:a0:18;TP-LINK TECHNOLOGIES CO.,LTD.;0;-87;467;650;2452;;;[0, 1, 50, 45, 70, 127];[];0.0
2023-04-17 04:55:51.139557;ff:ff:ff:ff:ff:ff;7c:8b:ca:ec:a0:18;TP-LINK TECHNOLOGIES CO.,LTD.;0;-89;468;651;2452;;;[0, 1, 50, 45, 70, 127];[];0.0
2023-04-17 05:01:51.140882;ff:ff:ff:ff:ff:ff;7c:8b:ca:ec:a0:18;TP-LINK TECHNOLOGIES CO.,LTD.;0;-88;469;695;2452;;;[0, 1, 50, 45, 70, 127];[];0.0
2023-04-17 05:01:51.141816;ff:ff:ff:ff:ff:ff;7c:8b:ca:ec:a0:18;TP-LINK TECHNOLOGIES CO.,LTD.;0;-88;470;696;2452;;;[0, 1, 50, 45, 70, 127];[];0.0
2023-04-17 05:01:51.142767;ff:ff:ff:ff:ff:ff;7c:8b:ca:ec:a0:18;TP-LINK TECHNOLOGIES CO.,LTD.;0;-87;471;697;2452;;;[0, 1, 50, 45, 70, 127];[];0.0
2023-04-17 05:01:51.143735;ff:ff:ff:ff:ff:ff;7c:8b:ca:ec:a0:18;TP-LINK TECHNOLOGIES CO.,LTD.;0;-89;472;698;2452;;;[0, 1, 50, 45, 70, 127];[];0.0
2023-04-17 05:01:51.145536;ff:ff:ff:ff:ff:ff;7c:8b:ca:ec:a0:18;TP-LINK TECHNOLOGIES CO.,LTD.;0;-87;473;699;2452;;;[0, 1, 50, 45, 70, 127];[];0.0
2023-04-17 05:01:51.598652;ff:ff:ff:ff:ff:ff;7c:8b:ca:ec:a0:18;TP-LINK TECHNOLOGIES CO.,LTD.;0;-86;474;727;2442;;;[0, 1, 50, 45, 70, 127];[];0.0
2023-04-17 05:02:05.620605;ff:ff:ff:ff:ff:ff;dc:a6:32:eb:59:4d;Raspberry Pi Trading Ltd;0;-82;475;4067;2417;;;[0, 1, 50, 3, 45, 127, 221, 221];[20722, 4120];0.0
2023-04-17 05:02:05.640175;ff:ff:ff:ff:ff:ff;dc:a6:32:eb:59:4d;Raspberry Pi Trading Ltd;0;-82;476;4068;2417;;;[0, 1, 50, 3, 45, 127, 221, 221];[20722, 4120];0.0
2023-04-17 05:02:05.661602;ff:ff:ff:ff:ff:ff;dc:a6:32:eb:59:4d;Raspberry Pi Trading Ltd;0;-82;477;4069;2422;;;[0, 1, 50, 3, 45, 127, 221, 221];[20722, 4120];0.0
2023-04-17 05:02:05.687733;ff:ff:ff:ff:ff:ff;dc:a6:32:eb:59:4d;Raspberry Pi Trading Ltd;0;-75;478;4070;2422;;;[0, 1, 50, 3, 45, 127, 221, 221];[20722, 4120];0.0
2023-04-17 05:02:05.703765;ff:ff:ff:ff:ff:ff;dc:a6:32:eb:59:4d;Raspberry Pi Trading Ltd;0;-83;479;4071;2427;;;[0, 1, 50, 3, 45, 127, 221, 221];[20722, 4120];0.0
2023-04-17 05:02:05.724173;ff:ff:ff:ff:ff:ff;dc:a6:32:eb:59:4d;Raspberry Pi Trading Ltd;0;-83;480;4072;2427;;;[0, 1, 50, 3, 45, 127, 221, 221];[20722, 4120];0.0
2023-04-17 05:02:05.765381;ff:ff:ff:ff:ff:ff;dc:a6:32:eb:59:4d;Raspberry Pi Trading Ltd;0;-85;481;4074;2432;;;[0, 1, 50, 3, 45, 127, 221, 221];[20722, 4120];0.0
2023-04-17 05:02:05.806077;ff:ff:ff:ff:ff:ff;dc:a6:32:eb:59:4d;Raspberry Pi Trading Ltd;0;-90;482;4076;2437;;;[0, 1, 50, 3, 45, 127, 221, 221];[20722, 4120];0.0
2023-04-17 05:04:06.619030;ff:ff:ff:ff:ff:ff;dc:a6:32:eb:59:4d;Raspberry Pi Trading Ltd;0;-83;483;15;2417;;;[0, 1, 50, 3, 45, 127, 221, 221];[20722, 4120];0.0
2023-04-17 05:04:06.663636;ff:ff:ff:ff:ff:ff;dc:a6:32:eb:59:4d;Raspberry Pi Trading Ltd;0;-76;484;17;2422;;;[0, 1, 50, 3, 45, 127, 221, 221];[20722, 4120];0.0
2023-04-17 05:04:06.703365;ff:ff:ff:ff:ff:ff;dc:a6:32:eb:59:4d;Raspberry Pi Trading Ltd;0;-84;485;19;2427;;;[0, 1, 50, 3, 45, 127, 221, 221];[20722, 4120];0.0
2023-04-17 05:06:07.610557;ff:ff:ff:ff:ff:ff;dc:a6:32:eb:59:4d;Raspberry Pi Trading Ltd;0;-82;486;57;2417;;;[0, 1, 50, 3, 45, 127, 221, 221];[20722, 4120];0.0
2023-04-17 05:06:07.631130;ff:ff:ff:ff:ff:ff;dc:a6:32:eb:59:4d;Raspberry Pi Trading Ltd;0;-82;487;58;2417;;;[0, 1, 50, 3, 45, 127, 221, 221];[20722, 4120];0.0
2023-04-17 05:06:07.653645;ff:ff:ff:ff:ff:ff;dc:a6:32:eb:59:4d;Raspberry Pi Trading Ltd;0;-82;488;59;2422;;;[0, 1, 50, 3, 45, 127, 221, 221];[20722, 4120];0.0
2023-04-17 05:06:07.674022;ff:ff:ff:ff:ff:ff;dc:a6:32:eb:59:4d;Raspberry Pi Trading Ltd;0;-83;489;60;2422;;;[0, 1, 50, 3, 45, 127, 221, 221];[20722, 4120];0.0
2023-04-17 05:06:07.715480;ff:ff:ff:ff:ff:ff;dc:a6:32:eb:59:4d;Raspberry Pi Trading Ltd;0;-83;490;62;2427;;;[0, 1, 50, 3, 45, 127, 221, 221];[20722, 4120];0.0
2023-04-17 05:08:08.603558;ff:ff:ff:ff:ff:ff;dc:a6:32:eb:59:4d;Raspberry Pi Trading Ltd;0;-82;491;100;2417;;;[0, 1, 50, 3, 45, 127, 221, 221];[20722, 4120];0.0
2023-04-17 05:08:08.623558;ff:ff:ff:ff:ff:ff;dc:a6:32:eb:59:4d;Raspberry Pi Trading Ltd;0;-83;492;101;2417;;;[0, 1, 50, 3, 45, 127, 221, 221];[20722, 4120];0.0
2023-04-17 05:08:08.666851;ff:ff:ff:ff:ff:ff;dc:a6:32:eb:59:4d;Raspberry Pi Trading Ltd;0;-76;493;103;2422;;;[0, 1, 50, 3, 45, 127, 221, 221];[20722, 4120];0.0
2023-04-17 05:10:09.660990;ff:ff:ff:ff:ff:ff;dc:a6:32:eb:59:4d;Raspberry Pi Trading Ltd;0;-82;494;145;2422;;;[0, 1, 50, 3, 45, 127, 221, 221];[20722, 4120];0.0
2023-04-17 05:10:09.702503;ff:ff:ff:ff:ff:ff;dc:a6:32:eb:59:4d;Raspberry Pi Trading Ltd;0;-83;495;147;2427;;;[0, 1, 50, 3, 45, 127, 221, 221];[20722, 4120];0.0
2023-04-17 05:10:51.200050;ff:ff:ff:ff:ff:ff;7c:8b:ca:ec:a0:18;TP-LINK TECHNOLOGIES CO.,LTD.;0;-88;496;852;2452;;;[0, 1, 50, 45, 70, 127];[];0.0
2023-04-17 05:10:51.207066;ff:ff:ff:ff:ff:ff;7c:8b:ca:ec:a0:18;TP-LINK TECHNOLOGIES CO.,LTD.;0;-88;497;854;2452;;;[0, 1, 50, 45, 70, 127];[];0.0
2023-04-17 05:10:51.208132;ff:ff:ff:ff:ff:ff;7c:8b:ca:ec:a0:18;TP-LINK TECHNOLOGIES CO.,LTD.;0;-87;498;855;2452;;;[0, 1, 50, 45, 70, 127];[];0.0
2023-04-17 05:10:51.215280;ff:ff:ff:ff:ff:ff;7c:8b:ca:ec:a0:18;TP-LINK TECHNOLOGIES CO.,LTD.;0;-87;499;856;2452;;;[0, 1, 50, 45, 70, 127];[];0.0
2023-04-17 05:10:51.216239;ff:ff:ff:ff:ff:ff;7c:8b:ca:ec:a0:18;TP-LINK TECHNOLOGIES CO.,LTD.;0;-88;500;857;2452;;;[0, 1, 50, 45, 70, 127];[];0.0
2023-04-17 05:10:51.220021;ff:ff:ff:ff:ff:ff;7c:8b:ca:ec:a0:18;TP-LINK TECHNOLOGIES CO.,LTD.;0;-88;501;860;2452;;;[0, 1, 50, 45, 70, 127];[];0.0
2023-04-17 05:10:51.220947;ff:ff:ff:ff:ff:ff;7c:8b:ca:ec:a0:18;TP-LINK TECHNOLOGIES CO.,LTD.;0;-89;502;861;2452;;;[0, 1, 50, 45, 70, 127];[];0.0
2023-04-17 05:10:51.222627;ff:ff:ff:ff:ff:ff;7c:8b:ca:ec:a0:18;TP-LINK TECHNOLOGIES CO.,LTD.;0;-88;503;862;2452;;;[0, 1, 50, 45, 70, 127];[];0.0
2023-04-17 05:10:51.224894;ff:ff:ff:ff:ff:ff;7c:8b:ca:ec:a0:18;TP-LINK TECHNOLOGIES CO.,LTD.;0;-89;504;863;2452;;;[0, 1, 50, 45, 70, 127];[];0.0
2023-04-17 05:10:51.320096;ff:ff:ff:ff:ff:ff;7c:8b:ca:ec:a0:18;TP-LINK TECHNOLOGIES CO.,LTD.;0;-92;505;864;2462;;;[0, 1, 50, 45, 70, 127];[];0.0
2023-04-17 05:10:51.333096;ff:ff:ff:ff:ff:ff;7c:8b:ca:ec:a0:18;TP-LINK TECHNOLOGIES CO.,LTD.;0;-94;506;870;2462;;;[0, 1, 50, 45, 70, 127];[];0.0
2023-04-17 05:10:51.350253;ff:ff:ff:ff:ff:ff;7c:8b:ca:ec:a0:18;TP-LINK TECHNOLOGIES CO.,LTD.;0;-91;507;879;2462;;;[0, 1, 50, 45, 70, 127];[];0.0
2023-04-17 05:11:51.636596;ff:ff:ff:ff:ff:ff;7c:8b:ca:ec:a0:18;TP-LINK TECHNOLOGIES CO.,LTD.;0;-87;508;881;2442;;;[0, 1, 50, 45, 70, 127];[];0.0
2023-04-17 05:14:10.945062;ff:ff:ff:ff:ff:ff;dc:a6:32:eb:59:4d;Raspberry Pi Trading Ltd;0;-86;509;243;2457;;;[0, 1, 50, 3, 45, 127, 221, 221];[20722, 4120];0.0
2023-04-17 05:14:10.986613;ff:ff:ff:ff:ff:ff;dc:a6:32:eb:59:4d;Raspberry Pi Trading Ltd;0;-94;510;245;2462;;;[0, 1, 50, 3, 45, 127, 221, 221];[20722, 4120];0.0
